ISO-10303-21;
HEADER;
/* Generated by software containing ST-Developer
 * from STEP Tools, Inc. (www.steptools.com) 
 */

FILE_DESCRIPTION(
/* description */ (''),
/* implementation_level */ '2;1');

FILE_NAME(
/* name */ 'Top Plate.step',
/* time_stamp */ '2026-09-07T15:43:15+12:00',
/* author */ (''),
/* organization */ (''),
/* preprocessor_version */ 'ST-DEVELOPER v20.2',
/* originating_system */ 'Autodesk Translation Framework v15.15.0.0',
/* authorisation */ '');

FILE_SCHEMA (('AUTOMOTIVE_DESIGN { 1 0 10303 214 3 1 1 }'));
ENDSEC;

DATA;
#10=MECHANICAL_DESIGN_GEOMETRIC_PRESENTATION_REPRESENTATION('',(#13),#2648);
#11=SHAPE_REPRESENTATION_RELATIONSHIP('SRR','None',#2655,#12);
#12=ADVANCED_BREP_SHAPE_REPRESENTATION('',(#14),#2647);
#13=STYLED_ITEM('',(#2664),#14);
#14=MANIFOLD_SOLID_BREP('Body1',#1580);
#15=FACE_BOUND('',#163,.T.);
#16=FACE_BOUND('',#164,.T.);
#17=FACE_BOUND('',#165,.T.);
#18=FACE_BOUND('',#166,.T.);
#19=FACE_BOUND('',#167,.T.);
#20=FACE_BOUND('',#168,.T.);
#21=FACE_BOUND('',#169,.T.);
#22=FACE_BOUND('',#170,.T.);
#23=FACE_BOUND('',#171,.T.);
#24=FACE_BOUND('',#172,.T.);
#25=FACE_BOUND('',#173,.T.);
#26=FACE_BOUND('',#174,.T.);
#27=FACE_BOUND('',#175,.T.);
#28=FACE_BOUND('',#250,.T.);
#29=FACE_BOUND('',#251,.T.);
#30=FACE_BOUND('',#252,.T.);
#31=FACE_BOUND('',#253,.T.);
#32=FACE_BOUND('',#254,.T.);
#33=FACE_BOUND('',#255,.T.);
#34=FACE_BOUND('',#256,.T.);
#35=FACE_BOUND('',#257,.T.);
#36=FACE_BOUND('',#258,.T.);
#37=FACE_BOUND('',#259,.T.);
#38=FACE_BOUND('',#260,.T.);
#39=FACE_BOUND('',#261,.T.);
#40=FACE_BOUND('',#262,.T.);
#41=PLANE('',#1597);
#42=PLANE('',#1598);
#43=PLANE('',#1635);
#44=PLANE('',#1642);
#45=PLANE('',#1645);
#46=PLANE('',#1648);
#47=PLANE('',#1651);
#48=PLANE('',#1654);
#49=PLANE('',#1657);
#50=PLANE('',#1660);
#51=PLANE('',#1663);
#52=PLANE('',#1666);
#53=PLANE('',#1669);
#54=PLANE('',#1672);
#55=PLANE('',#1675);
#56=PLANE('',#1678);
#57=PLANE('',#1681);
#58=PLANE('',#1684);
#59=PLANE('',#1687);
#60=PLANE('',#1690);
#61=PLANE('',#1693);
#62=PLANE('',#1696);
#63=PLANE('',#1699);
#64=PLANE('',#1702);
#65=PLANE('',#1705);
#66=PLANE('',#1708);
#67=PLANE('',#1711);
#68=PLANE('',#1714);
#69=PLANE('',#1717);
#70=PLANE('',#1720);
#71=PLANE('',#1721);
#72=PLANE('',#1722);
#73=PLANE('',#1723);
#74=PLANE('',#1724);
#75=PLANE('',#1731);
#76=PLANE('',#1732);
#77=PLANE('',#1733);
#78=PLANE('',#1734);
#79=PLANE('',#1737);
#80=PLANE('',#1738);
#81=PLANE('',#1739);
#82=PLANE('',#1740);
#83=FACE_OUTER_BOUND('',#160,.T.);
#84=FACE_OUTER_BOUND('',#161,.T.);
#85=FACE_OUTER_BOUND('',#162,.T.);
#86=FACE_OUTER_BOUND('',#176,.T.);
#87=FACE_OUTER_BOUND('',#177,.T.);
#88=FACE_OUTER_BOUND('',#178,.T.);
#89=FACE_OUTER_BOUND('',#179,.T.);
#90=FACE_OUTER_BOUND('',#180,.T.);
#91=FACE_OUTER_BOUND('',#181,.T.);
#92=FACE_OUTER_BOUND('',#182,.T.);
#93=FACE_OUTER_BOUND('',#183,.T.);
#94=FACE_OUTER_BOUND('',#184,.T.);
#95=FACE_OUTER_BOUND('',#185,.T.);
#96=FACE_OUTER_BOUND('',#186,.T.);
#97=FACE_OUTER_BOUND('',#187,.T.);
#98=FACE_OUTER_BOUND('',#188,.T.);
#99=FACE_OUTER_BOUND('',#189,.T.);
#100=FACE_OUTER_BOUND('',#190,.T.);
#101=FACE_OUTER_BOUND('',#191,.T.);
#102=FACE_OUTER_BOUND('',#192,.T.);
#103=FACE_OUTER_BOUND('',#193,.T.);
#104=FACE_OUTER_BOUND('',#194,.T.);
#105=FACE_OUTER_BOUND('',#195,.T.);
#106=FACE_OUTER_BOUND('',#196,.T.);
#107=FACE_OUTER_BOUND('',#197,.T.);
#108=FACE_OUTER_BOUND('',#198,.T.);
#109=FACE_OUTER_BOUND('',#199,.T.);
#110=FACE_OUTER_BOUND('',#200,.T.);
#111=FACE_OUTER_BOUND('',#201,.T.);
#112=FACE_OUTER_BOUND('',#202,.T.);
#113=FACE_OUTER_BOUND('',#203,.T.);
#114=FACE_OUTER_BOUND('',#204,.T.);
#115=FACE_OUTER_BOUND('',#205,.T.);
#116=FACE_OUTER_BOUND('',#206,.T.);
#117=FACE_OUTER_BOUND('',#207,.T.);
#118=FACE_OUTER_BOUND('',#208,.T.);
#119=FACE_OUTER_BOUND('',#209,.T.);
#120=FACE_OUTER_BOUND('',#210,.T.);
#121=FACE_OUTER_BOUND('',#211,.T.);
#122=FACE_OUTER_BOUND('',#212,.T.);
#123=FACE_OUTER_BOUND('',#213,.T.);
#124=FACE_OUTER_BOUND('',#214,.T.);
#125=FACE_OUTER_BOUND('',#215,.T.);
#126=FACE_OUTER_BOUND('',#216,.T.);
#127=FACE_OUTER_BOUND('',#217,.T.);
#128=FACE_OUTER_BOUND('',#218,.T.);
#129=FACE_OUTER_BOUND('',#219,.T.);
#130=FACE_OUTER_BOUND('',#220,.T.);
#131=FACE_OUTER_BOUND('',#221,.T.);
#132=FACE_OUTER_BOUND('',#222,.T.);
#133=FACE_OUTER_BOUND('',#223,.T.);
#134=FACE_OUTER_BOUND('',#224,.T.);
#135=FACE_OUTER_BOUND('',#225,.T.);
#136=FACE_OUTER_BOUND('',#226,.T.);
#137=FACE_OUTER_BOUND('',#227,.T.);
#138=FACE_OUTER_BOUND('',#228,.T.);
#139=FACE_OUTER_BOUND('',#229,.T.);
#140=FACE_OUTER_BOUND('',#230,.T.);
#141=FACE_OUTER_BOUND('',#231,.T.);
#142=FACE_OUTER_BOUND('',#232,.T.);
#143=FACE_OUTER_BOUND('',#233,.T.);
#144=FACE_OUTER_BOUND('',#234,.T.);
#145=FACE_OUTER_BOUND('',#235,.T.);
#146=FACE_OUTER_BOUND('',#236,.T.);
#147=FACE_OUTER_BOUND('',#237,.T.);
#148=FACE_OUTER_BOUND('',#238,.T.);
#149=FACE_OUTER_BOUND('',#239,.T.);
#150=FACE_OUTER_BOUND('',#240,.T.);
#151=FACE_OUTER_BOUND('',#241,.T.);
#152=FACE_OUTER_BOUND('',#242,.T.);
#153=FACE_OUTER_BOUND('',#243,.T.);
#154=FACE_OUTER_BOUND('',#244,.T.);
#155=FACE_OUTER_BOUND('',#245,.T.);
#156=FACE_OUTER_BOUND('',#246,.T.);
#157=FACE_OUTER_BOUND('',#247,.T.);
#158=FACE_OUTER_BOUND('',#248,.T.);
#159=FACE_OUTER_BOUND('',#249,.T.);
#160=EDGE_LOOP('',(#1018,#1019,#1020,#1021));
#161=EDGE_LOOP('',(#1022,#1023,#1024,#1025));
#162=EDGE_LOOP('',(#1026,#1027,#1028,#1029,#1030,#1031,#1032,#1033));
#163=EDGE_LOOP('',(#1034,#1035,#1036,#1037,#1038,#1039,#1040));
#164=EDGE_LOOP('',(#1041,#1042,#1043,#1044,#1045,#1046,#1047,#1048));
#165=EDGE_LOOP('',(#1049));
#166=EDGE_LOOP('',(#1050,#1051,#1052,#1053));
#167=EDGE_LOOP('',(#1054,#1055,#1056,#1057,#1058,#1059,#1060,#1061));
#168=EDGE_LOOP('',(#1062,#1063,#1064,#1065,#1066,#1067,#1068,#1069));
#169=EDGE_LOOP('',(#1070));
#170=EDGE_LOOP('',(#1071));
#171=EDGE_LOOP('',(#1072,#1073,#1074,#1075,#1076,#1077,#1078,#1079));
#172=EDGE_LOOP('',(#1080,#1081,#1082,#1083,#1084,#1085,#1086,#1087));
#173=EDGE_LOOP('',(#1088,#1089,#1090,#1091,#1092,#1093,#1094,#1095));
#174=EDGE_LOOP('',(#1096));
#175=EDGE_LOOP('',(#1097,#1098,#1099,#1100));
#176=EDGE_LOOP('',(#1101,#1102,#1103,#1104));
#177=EDGE_LOOP('',(#1105,#1106,#1107,#1108));
#178=EDGE_LOOP('',(#1109,#1110,#1111,#1112));
#179=EDGE_LOOP('',(#1113,#1114,#1115,#1116));
#180=EDGE_LOOP('',(#1117,#1118,#1119,#1120));
#181=EDGE_LOOP('',(#1121,#1122,#1123,#1124));
#182=EDGE_LOOP('',(#1125,#1126,#1127,#1128));
#183=EDGE_LOOP('',(#1129,#1130,#1131,#1132));
#184=EDGE_LOOP('',(#1133,#1134,#1135,#1136));
#185=EDGE_LOOP('',(#1137,#1138,#1139,#1140));
#186=EDGE_LOOP('',(#1141,#1142,#1143,#1144));
#187=EDGE_LOOP('',(#1145,#1146,#1147,#1148));
#188=EDGE_LOOP('',(#1149,#1150,#1151,#1152));
#189=EDGE_LOOP('',(#1153,#1154,#1155,#1156));
#190=EDGE_LOOP('',(#1157,#1158,#1159,#1160));
#191=EDGE_LOOP('',(#1161,#1162,#1163,#1164));
#192=EDGE_LOOP('',(#1165,#1166,#1167,#1168));
#193=EDGE_LOOP('',(#1169,#1170,#1171,#1172));
#194=EDGE_LOOP('',(#1173,#1174,#1175,#1176));
#195=EDGE_LOOP('',(#1177,#1178,#1179,#1180));
#196=EDGE_LOOP('',(#1181,#1182,#1183,#1184));
#197=EDGE_LOOP('',(#1185,#1186,#1187,#1188));
#198=EDGE_LOOP('',(#1189,#1190,#1191,#1192));
#199=EDGE_LOOP('',(#1193,#1194,#1195,#1196));
#200=EDGE_LOOP('',(#1197,#1198,#1199,#1200));
#201=EDGE_LOOP('',(#1201,#1202,#1203,#1204));
#202=EDGE_LOOP('',(#1205,#1206,#1207,#1208));
#203=EDGE_LOOP('',(#1209,#1210,#1211,#1212));
#204=EDGE_LOOP('',(#1213,#1214,#1215,#1216));
#205=EDGE_LOOP('',(#1217,#1218,#1219,#1220));
#206=EDGE_LOOP('',(#1221,#1222,#1223,#1224));
#207=EDGE_LOOP('',(#1225,#1226,#1227,#1228));
#208=EDGE_LOOP('',(#1229,#1230,#1231,#1232));
#209=EDGE_LOOP('',(#1233,#1234,#1235,#1236));
#210=EDGE_LOOP('',(#1237,#1238,#1239,#1240));
#211=EDGE_LOOP('',(#1241,#1242,#1243,#1244));
#212=EDGE_LOOP('',(#1245,#1246,#1247,#1248));
#213=EDGE_LOOP('',(#1249,#1250,#1251,#1252));
#214=EDGE_LOOP('',(#1253,#1254,#1255,#1256));
#215=EDGE_LOOP('',(#1257,#1258,#1259,#1260));
#216=EDGE_LOOP('',(#1261,#1262,#1263,#1264));
#217=EDGE_LOOP('',(#1265,#1266,#1267,#1268));
#218=EDGE_LOOP('',(#1269,#1270,#1271,#1272));
#219=EDGE_LOOP('',(#1273,#1274,#1275,#1276));
#220=EDGE_LOOP('',(#1277,#1278,#1279,#1280));
#221=EDGE_LOOP('',(#1281,#1282,#1283,#1284));
#222=EDGE_LOOP('',(#1285,#1286,#1287,#1288));
#223=EDGE_LOOP('',(#1289,#1290,#1291,#1292));
#224=EDGE_LOOP('',(#1293,#1294,#1295,#1296));
#225=EDGE_LOOP('',(#1297,#1298,#1299,#1300));
#226=EDGE_LOOP('',(#1301,#1302,#1303,#1304));
#227=EDGE_LOOP('',(#1305,#1306,#1307,#1308));
#228=EDGE_LOOP('',(#1309,#1310,#1311,#1312));
#229=EDGE_LOOP('',(#1313,#1314,#1315,#1316));
#230=EDGE_LOOP('',(#1317,#1318,#1319,#1320));
#231=EDGE_LOOP('',(#1321,#1322,#1323,#1324));
#232=EDGE_LOOP('',(#1325,#1326,#1327,#1328));
#233=EDGE_LOOP('',(#1329,#1330,#1331,#1332));
#234=EDGE_LOOP('',(#1333,#1334,#1335,#1336));
#235=EDGE_LOOP('',(#1337,#1338,#1339,#1340));
#236=EDGE_LOOP('',(#1341,#1342,#1343,#1344));
#237=EDGE_LOOP('',(#1345,#1346,#1347,#1348));
#238=EDGE_LOOP('',(#1349,#1350,#1351,#1352));
#239=EDGE_LOOP('',(#1353,#1354,#1355,#1356));
#240=EDGE_LOOP('',(#1357,#1358,#1359,#1360));
#241=EDGE_LOOP('',(#1361,#1362,#1363,#1364));
#242=EDGE_LOOP('',(#1365,#1366,#1367,#1368));
#243=EDGE_LOOP('',(#1369,#1370,#1371,#1372));
#244=EDGE_LOOP('',(#1373,#1374,#1375,#1376));
#245=EDGE_LOOP('',(#1377,#1378,#1379,#1380));
#246=EDGE_LOOP('',(#1381,#1382,#1383,#1384));
#247=EDGE_LOOP('',(#1385,#1386,#1387,#1388));
#248=EDGE_LOOP('',(#1389,#1390,#1391,#1392));
#249=EDGE_LOOP('',(#1393,#1394,#1395,#1396,#1397,#1398,#1399,#1400));
#250=EDGE_LOOP('',(#1401,#1402,#1403,#1404,#1405,#1406,#1407));
#251=EDGE_LOOP('',(#1408,#1409,#1410,#1411,#1412,#1413,#1414,#1415));
#252=EDGE_LOOP('',(#1416));
#253=EDGE_LOOP('',(#1417,#1418,#1419,#1420));
#254=EDGE_LOOP('',(#1421,#1422,#1423,#1424,#1425,#1426,#1427,#1428));
#255=EDGE_LOOP('',(#1429,#1430,#1431,#1432,#1433,#1434,#1435,#1436));
#256=EDGE_LOOP('',(#1437));
#257=EDGE_LOOP('',(#1438));
#258=EDGE_LOOP('',(#1439,#1440,#1441,#1442,#1443,#1444,#1445,#1446));
#259=EDGE_LOOP('',(#1447,#1448,#1449,#1450,#1451,#1452,#1453,#1454));
#260=EDGE_LOOP('',(#1455,#1456,#1457,#1458,#1459,#1460,#1461,#1462));
#261=EDGE_LOOP('',(#1463));
#262=EDGE_LOOP('',(#1464,#1465,#1466,#1467));
#263=LINE('',#2198,#418);
#264=LINE('',#2201,#419);
#265=LINE('',#2204,#420);
#266=LINE('',#2206,#421);
#267=LINE('',#2207,#422);
#268=LINE('',#2210,#423);
#269=LINE('',#2214,#424);
#270=LINE('',#2218,#425);
#271=LINE('',#2222,#426);
#272=LINE('',#2224,#427);
#273=LINE('',#2228,#428);
#274=LINE('',#2232,#429);
#275=LINE('',#2238,#430);
#276=LINE('',#2242,#431);
#277=LINE('',#2246,#432);
#278=LINE('',#2249,#433);
#279=LINE('',#2254,#434);
#280=LINE('',#2256,#435);
#281=LINE('',#2258,#436);
#282=LINE('',#2259,#437);
#283=LINE('',#2264,#438);
#284=LINE('',#2268,#439);
#285=LINE('',#2272,#440);
#286=LINE('',#2275,#441);
#287=LINE('',#2280,#442);
#288=LINE('',#2284,#443);
#289=LINE('',#2288,#444);
#290=LINE('',#2291,#445);
#291=LINE('',#2300,#446);
#292=LINE('',#2304,#447);
#293=LINE('',#2308,#448);
#294=LINE('',#2311,#449);
#295=LINE('',#2316,#450);
#296=LINE('',#2320,#451);
#297=LINE('',#2324,#452);
#298=LINE('',#2327,#453);
#299=LINE('',#2332,#454);
#300=LINE('',#2336,#455);
#301=LINE('',#2340,#456);
#302=LINE('',#2343,#457);
#303=LINE('',#2348,#458);
#304=LINE('',#2350,#459);
#305=LINE('',#2352,#460);
#306=LINE('',#2353,#461);
#307=LINE('',#2358,#462);
#308=LINE('',#2359,#463);
#309=LINE('',#2362,#464);
#310=LINE('',#2363,#465);
#311=LINE('',#2367,#466);
#312=LINE('',#2371,#467);
#313=LINE('',#2374,#468);
#314=LINE('',#2377,#469);
#315=LINE('',#2380,#470);
#316=LINE('',#2381,#471);
#317=LINE('',#2384,#472);
#318=LINE('',#2387,#473);
#319=LINE('',#2390,#474);
#320=LINE('',#2391,#475);
#321=LINE('',#2394,#476);
#322=LINE('',#2397,#477);
#323=LINE('',#2400,#478);
#324=LINE('',#2401,#479);
#325=LINE('',#2404,#480);
#326=LINE('',#2408,#481);
#327=LINE('',#2409,#482);
#328=LINE('',#2412,#483);
#329=LINE('',#2416,#484);
#330=LINE('',#2417,#485);
#331=LINE('',#2420,#486);
#332=LINE('',#2424,#487);
#333=LINE('',#2425,#488);
#334=LINE('',#2428,#489);
#335=LINE('',#2432,#490);
#336=LINE('',#2433,#491);
#337=LINE('',#2436,#492);
#338=LINE('',#2440,#493);
#339=LINE('',#2441,#494);
#340=LINE('',#2444,#495);
#341=LINE('',#2448,#496);
#342=LINE('',#2449,#497);
#343=LINE('',#2452,#498);
#344=LINE('',#2455,#499);
#345=LINE('',#2458,#500);
#346=LINE('',#2461,#501);
#347=LINE('',#2464,#502);
#348=LINE('',#2467,#503);
#349=LINE('',#2470,#504);
#350=LINE('',#2473,#505);
#351=LINE('',#2476,#506);
#352=LINE('',#2477,#507);
#353=LINE('',#2480,#508);
#354=LINE('',#2484,#509);
#355=LINE('',#2485,#510);
#356=LINE('',#2488,#511);
#357=LINE('',#2492,#512);
#358=LINE('',#2493,#513);
#359=LINE('',#2496,#514);
#360=LINE('',#2499,#515);
#361=LINE('',#2502,#516);
#362=LINE('',#2505,#517);
#363=LINE('',#2508,#518);
#364=LINE('',#2509,#519);
#365=LINE('',#2512,#520);
#366=LINE('',#2515,#521);
#367=LINE('',#2518,#522);
#368=LINE('',#2519,#523);
#369=LINE('',#2522,#524);
#370=LINE('',#2526,#525);
#371=LINE('',#2527,#526);
#372=LINE('',#2530,#527);
#373=LINE('',#2533,#528);
#374=LINE('',#2536,#529);
#375=LINE('',#2537,#530);
#376=LINE('',#2540,#531);
#377=LINE('',#2544,#532);
#378=LINE('',#2545,#533);
#379=LINE('',#2548,#534);
#380=LINE('',#2552,#535);
#381=LINE('',#2553,#536);
#382=LINE('',#2556,#537);
#383=LINE('',#2559,#538);
#384=LINE('',#2562,#539);
#385=LINE('',#2566,#540);
#386=LINE('',#2567,#541);
#387=LINE('',#2570,#542);
#388=LINE('',#2574,#543);
#389=LINE('',#2575,#544);
#390=LINE('',#2578,#545);
#391=LINE('',#2582,#546);
#392=LINE('',#2583,#547);
#393=LINE('',#2586,#548);
#394=LINE('',#2589,#549);
#395=LINE('',#2592,#550);
#396=LINE('',#2594,#551);
#397=LINE('',#2595,#552);
#398=LINE('',#2598,#553);
#399=LINE('',#2599,#554);
#400=LINE('',#2602,#555);
#401=LINE('',#2603,#556);
#402=LINE('',#2605,#557);
#403=LINE('',#2609,#558);
#404=LINE('',#2613,#559);
#405=LINE('',#2617,#560);
#406=LINE('',#2620,#561);
#407=LINE('',#2622,#562);
#408=LINE('',#2623,#563);
#409=LINE('',#2626,#564);
#410=LINE('',#2627,#565);
#411=LINE('',#2630,#566);
#412=LINE('',#2631,#567);
#413=LINE('',#2633,#568);
#414=LINE('',#2637,#569);
#415=LINE('',#2639,#570);
#416=LINE('',#2641,#571);
#417=LINE('',#2643,#572);
#418=VECTOR('',#1747,10.);
#419=VECTOR('',#1750,10.);
#420=VECTOR('',#1753,10.);
#421=VECTOR('',#1754,10.);
#422=VECTOR('',#1755,10.);
#423=VECTOR('',#1758,10.);
#424=VECTOR('',#1761,10.);
#425=VECTOR('',#1764,10.);
#426=VECTOR('',#1767,10.);
#427=VECTOR('',#1768,10.);
#428=VECTOR('',#1771,10.);
#429=VECTOR('',#1774,10.);
#430=VECTOR('',#1779,10.);
#431=VECTOR('',#1782,10.);
#432=VECTOR('',#1785,10.);
#433=VECTOR('',#1788,10.);
#434=VECTOR('',#1791,10.);
#435=VECTOR('',#1792,10.);
#436=VECTOR('',#1793,10.);
#437=VECTOR('',#1794,10.);
#438=VECTOR('',#1797,10.);
#439=VECTOR('',#1800,10.);
#440=VECTOR('',#1803,10.);
#441=VECTOR('',#1806,10.);
#442=VECTOR('',#1809,10.);
#443=VECTOR('',#1812,10.);
#444=VECTOR('',#1815,10.);
#445=VECTOR('',#1818,10.);
#446=VECTOR('',#1825,10.);
#447=VECTOR('',#1828,10.);
#448=VECTOR('',#1831,10.);
#449=VECTOR('',#1834,10.);
#450=VECTOR('',#1837,10.);
#451=VECTOR('',#1840,10.);
#452=VECTOR('',#1843,10.);
#453=VECTOR('',#1846,10.);
#454=VECTOR('',#1849,10.);
#455=VECTOR('',#1852,10.);
#456=VECTOR('',#1855,10.);
#457=VECTOR('',#1858,10.);
#458=VECTOR('',#1861,10.);
#459=VECTOR('',#1862,10.);
#460=VECTOR('',#1863,10.);
#461=VECTOR('',#1864,10.);
#462=VECTOR('',#1869,10.);
#463=VECTOR('',#1870,10.);
#464=VECTOR('',#1873,10.);
#465=VECTOR('',#1874,10.);
#466=VECTOR('',#1879,10.);
#467=VECTOR('',#1884,10.);
#468=VECTOR('',#1887,10.);
#469=VECTOR('',#1890,10.);
#470=VECTOR('',#1893,10.);
#471=VECTOR('',#1894,10.);
#472=VECTOR('',#1897,10.);
#473=VECTOR('',#1900,10.);
#474=VECTOR('',#1903,10.);
#475=VECTOR('',#1904,10.);
#476=VECTOR('',#1907,10.);
#477=VECTOR('',#1910,10.);
#478=VECTOR('',#1913,10.);
#479=VECTOR('',#1914,10.);
#480=VECTOR('',#1917,10.);
#481=VECTOR('',#1922,10.);
#482=VECTOR('',#1923,10.);
#483=VECTOR('',#1926,10.);
#484=VECTOR('',#1931,10.);
#485=VECTOR('',#1932,10.);
#486=VECTOR('',#1935,10.);
#487=VECTOR('',#1940,10.);
#488=VECTOR('',#1941,10.);
#489=VECTOR('',#1944,10.);
#490=VECTOR('',#1949,10.);
#491=VECTOR('',#1950,10.);
#492=VECTOR('',#1953,10.);
#493=VECTOR('',#1958,10.);
#494=VECTOR('',#1959,10.);
#495=VECTOR('',#1962,10.);
#496=VECTOR('',#1967,10.);
#497=VECTOR('',#1968,10.);
#498=VECTOR('',#1971,10.);
#499=VECTOR('',#1976,10.);
#500=VECTOR('',#1979,10.);
#501=VECTOR('',#1984,10.);
#502=VECTOR('',#1987,10.);
#503=VECTOR('',#1992,10.);
#504=VECTOR('',#1995,10.);
#505=VECTOR('',#1998,10.);
#506=VECTOR('',#2001,10.);
#507=VECTOR('',#2002,10.);
#508=VECTOR('',#2005,10.);
#509=VECTOR('',#2010,10.);
#510=VECTOR('',#2011,10.);
#511=VECTOR('',#2014,10.);
#512=VECTOR('',#2019,10.);
#513=VECTOR('',#2020,10.);
#514=VECTOR('',#2023,10.);
#515=VECTOR('',#2028,10.);
#516=VECTOR('',#2031,10.);
#517=VECTOR('',#2034,10.);
#518=VECTOR('',#2037,10.);
#519=VECTOR('',#2038,10.);
#520=VECTOR('',#2041,10.);
#521=VECTOR('',#2044,10.);
#522=VECTOR('',#2047,10.);
#523=VECTOR('',#2048,10.);
#524=VECTOR('',#2051,10.);
#525=VECTOR('',#2056,10.);
#526=VECTOR('',#2057,10.);
#527=VECTOR('',#2060,10.);
#528=VECTOR('',#2063,10.);
#529=VECTOR('',#2066,10.);
#530=VECTOR('',#2067,10.);
#531=VECTOR('',#2070,10.);
#532=VECTOR('',#2075,10.);
#533=VECTOR('',#2076,10.);
#534=VECTOR('',#2079,10.);
#535=VECTOR('',#2084,10.);
#536=VECTOR('',#2085,10.);
#537=VECTOR('',#2088,10.);
#538=VECTOR('',#2093,10.);
#539=VECTOR('',#2096,10.);
#540=VECTOR('',#2101,10.);
#541=VECTOR('',#2102,10.);
#542=VECTOR('',#2105,10.);
#543=VECTOR('',#2110,10.);
#544=VECTOR('',#2111,10.);
#545=VECTOR('',#2114,10.);
#546=VECTOR('',#2119,10.);
#547=VECTOR('',#2120,10.);
#548=VECTOR('',#2123,10.);
#549=VECTOR('',#2128,10.);
#550=VECTOR('',#2131,10.);
#551=VECTOR('',#2132,10.);
#552=VECTOR('',#2133,10.);
#553=VECTOR('',#2136,10.);
#554=VECTOR('',#2137,10.);
#555=VECTOR('',#2140,10.);
#556=VECTOR('',#2141,10.);
#557=VECTOR('',#2144,10.);
#558=VECTOR('',#2149,1.26449999999998);
#559=VECTOR('',#2154,1.26449999999998);
#560=VECTOR('',#2159,1.26449999999998);
#561=VECTOR('',#2162,10.);
#562=VECTOR('',#2163,10.);
#563=VECTOR('',#2164,10.);
#564=VECTOR('',#2167,10.);
#565=VECTOR('',#2168,10.);
#566=VECTOR('',#2171,10.);
#567=VECTOR('',#2172,10.);
#568=VECTOR('',#2175,10.);
#569=VECTOR('',#2180,1.26449999999998);
#570=VECTOR('',#2183,10.);
#571=VECTOR('',#2186,10.);
#572=VECTOR('',#2189,10.);
#573=CIRCLE('',#1595,2.);
#574=CIRCLE('',#1596,2.);
#575=CIRCLE('',#1599,2.);
#576=CIRCLE('',#1600,2.);
#577=CIRCLE('',#1601,2.);
#578=CIRCLE('',#1602,0.5);
#579=CIRCLE('',#1603,0.5);
#580=CIRCLE('',#1604,0.5);
#581=CIRCLE('',#1605,0.5);
#582=CIRCLE('',#1606,0.5);
#583=CIRCLE('',#1607,0.5);
#584=CIRCLE('',#1608,0.5);
#585=CIRCLE('',#1609,1.26449999999998);
#586=CIRCLE('',#1610,0.5);
#587=CIRCLE('',#1611,0.5);
#588=CIRCLE('',#1612,0.5);
#589=CIRCLE('',#1613,0.5);
#590=CIRCLE('',#1614,0.5);
#591=CIRCLE('',#1615,0.5);
#592=CIRCLE('',#1616,0.5);
#593=CIRCLE('',#1617,0.5);
#594=CIRCLE('',#1618,1.26449999999998);
#595=CIRCLE('',#1619,1.26449999999998);
#596=CIRCLE('',#1620,0.5);
#597=CIRCLE('',#1621,0.5);
#598=CIRCLE('',#1622,0.5);
#599=CIRCLE('',#1623,0.5);
#600=CIRCLE('',#1624,0.5);
#601=CIRCLE('',#1625,0.5);
#602=CIRCLE('',#1626,0.5);
#603=CIRCLE('',#1627,0.5);
#604=CIRCLE('',#1628,0.5);
#605=CIRCLE('',#1629,0.5);
#606=CIRCLE('',#1630,0.5);
#607=CIRCLE('',#1631,0.5);
#608=CIRCLE('',#1632,1.26449999999998);
#609=CIRCLE('',#1634,2.);
#610=CIRCLE('',#1637,2.);
#611=CIRCLE('',#1639,2.);
#612=CIRCLE('',#1641,0.5);
#613=CIRCLE('',#1644,0.5);
#614=CIRCLE('',#1647,0.5);
#615=CIRCLE('',#1650,0.5);
#616=CIRCLE('',#1653,0.5);
#617=CIRCLE('',#1656,0.5);
#618=CIRCLE('',#1659,0.5);
#619=CIRCLE('',#1662,0.5);
#620=CIRCLE('',#1665,0.5);
#621=CIRCLE('',#1668,0.5);
#622=CIRCLE('',#1671,0.5);
#623=CIRCLE('',#1674,0.5);
#624=CIRCLE('',#1677,0.5);
#625=CIRCLE('',#1680,0.5);
#626=CIRCLE('',#1683,0.5);
#627=CIRCLE('',#1686,0.5);
#628=CIRCLE('',#1689,0.5);
#629=CIRCLE('',#1692,0.5);
#630=CIRCLE('',#1695,0.5);
#631=CIRCLE('',#1698,0.5);
#632=CIRCLE('',#1701,0.5);
#633=CIRCLE('',#1704,0.5);
#634=CIRCLE('',#1707,0.5);
#635=CIRCLE('',#1710,0.5);
#636=CIRCLE('',#1713,0.5);
#637=CIRCLE('',#1716,0.5);
#638=CIRCLE('',#1719,0.5);
#639=CIRCLE('',#1726,1.26449999999998);
#640=CIRCLE('',#1728,1.26449999999998);
#641=CIRCLE('',#1730,1.26449999999998);
#642=CIRCLE('',#1736,1.26449999999998);
#643=VERTEX_POINT('',#2194);
#644=VERTEX_POINT('',#2195);
#645=VERTEX_POINT('',#2197);
#646=VERTEX_POINT('',#2199);
#647=VERTEX_POINT('',#2203);
#648=VERTEX_POINT('',#2205);
#649=VERTEX_POINT('',#2209);
#650=VERTEX_POINT('',#2211);
#651=VERTEX_POINT('',#2213);
#652=VERTEX_POINT('',#2215);
#653=VERTEX_POINT('',#2217);
#654=VERTEX_POINT('',#2220);
#655=VERTEX_POINT('',#2221);
#656=VERTEX_POINT('',#2223);
#657=VERTEX_POINT('',#2225);
#658=VERTEX_POINT('',#2227);
#659=VERTEX_POINT('',#2229);
#660=VERTEX_POINT('',#2231);
#661=VERTEX_POINT('',#2234);
#662=VERTEX_POINT('',#2235);
#663=VERTEX_POINT('',#2237);
#664=VERTEX_POINT('',#2239);
#665=VERTEX_POINT('',#2241);
#666=VERTEX_POINT('',#2243);
#667=VERTEX_POINT('',#2245);
#668=VERTEX_POINT('',#2247);
#669=VERTEX_POINT('',#2250);
#670=VERTEX_POINT('',#2252);
#671=VERTEX_POINT('',#2253);
#672=VERTEX_POINT('',#2255);
#673=VERTEX_POINT('',#2257);
#674=VERTEX_POINT('',#2260);
#675=VERTEX_POINT('',#2261);
#676=VERTEX_POINT('',#2263);
#677=VERTEX_POINT('',#2265);
#678=VERTEX_POINT('',#2267);
#679=VERTEX_POINT('',#2269);
#680=VERTEX_POINT('',#2271);
#681=VERTEX_POINT('',#2273);
#682=VERTEX_POINT('',#2276);
#683=VERTEX_POINT('',#2277);
#684=VERTEX_POINT('',#2279);
#685=VERTEX_POINT('',#2281);
#686=VERTEX_POINT('',#2283);
#687=VERTEX_POINT('',#2285);
#688=VERTEX_POINT('',#2287);
#689=VERTEX_POINT('',#2289);
#690=VERTEX_POINT('',#2292);
#691=VERTEX_POINT('',#2294);
#692=VERTEX_POINT('',#2296);
#693=VERTEX_POINT('',#2297);
#694=VERTEX_POINT('',#2299);
#695=VERTEX_POINT('',#2301);
#696=VERTEX_POINT('',#2303);
#697=VERTEX_POINT('',#2305);
#698=VERTEX_POINT('',#2307);
#699=VERTEX_POINT('',#2309);
#700=VERTEX_POINT('',#2312);
#701=VERTEX_POINT('',#2313);
#702=VERTEX_POINT('',#2315);
#703=VERTEX_POINT('',#2317);
#704=VERTEX_POINT('',#2319);
#705=VERTEX_POINT('',#2321);
#706=VERTEX_POINT('',#2323);
#707=VERTEX_POINT('',#2325);
#708=VERTEX_POINT('',#2328);
#709=VERTEX_POINT('',#2329);
#710=VERTEX_POINT('',#2331);
#711=VERTEX_POINT('',#2333);
#712=VERTEX_POINT('',#2335);
#713=VERTEX_POINT('',#2337);
#714=VERTEX_POINT('',#2339);
#715=VERTEX_POINT('',#2341);
#716=VERTEX_POINT('',#2344);
#717=VERTEX_POINT('',#2346);
#718=VERTEX_POINT('',#2347);
#719=VERTEX_POINT('',#2349);
#720=VERTEX_POINT('',#2351);
#721=VERTEX_POINT('',#2355);
#722=VERTEX_POINT('',#2356);
#723=VERTEX_POINT('',#2361);
#724=VERTEX_POINT('',#2365);
#725=VERTEX_POINT('',#2369);
#726=VERTEX_POINT('',#2373);
#727=VERTEX_POINT('',#2375);
#728=VERTEX_POINT('',#2379);
#729=VERTEX_POINT('',#2383);
#730=VERTEX_POINT('',#2385);
#731=VERTEX_POINT('',#2389);
#732=VERTEX_POINT('',#2393);
#733=VERTEX_POINT('',#2395);
#734=VERTEX_POINT('',#2399);
#735=VERTEX_POINT('',#2403);
#736=VERTEX_POINT('',#2407);
#737=VERTEX_POINT('',#2411);
#738=VERTEX_POINT('',#2415);
#739=VERTEX_POINT('',#2419);
#740=VERTEX_POINT('',#2423);
#741=VERTEX_POINT('',#2427);
#742=VERTEX_POINT('',#2431);
#743=VERTEX_POINT('',#2435);
#744=VERTEX_POINT('',#2439);
#745=VERTEX_POINT('',#2443);
#746=VERTEX_POINT('',#2447);
#747=VERTEX_POINT('',#2451);
#748=VERTEX_POINT('',#2457);
#749=VERTEX_POINT('',#2463);
#750=VERTEX_POINT('',#2469);
#751=VERTEX_POINT('',#2471);
#752=VERTEX_POINT('',#2475);
#753=VERTEX_POINT('',#2479);
#754=VERTEX_POINT('',#2483);
#755=VERTEX_POINT('',#2487);
#756=VERTEX_POINT('',#2491);
#757=VERTEX_POINT('',#2495);
#758=VERTEX_POINT('',#2501);
#759=VERTEX_POINT('',#2503);
#760=VERTEX_POINT('',#2507);
#761=VERTEX_POINT('',#2511);
#762=VERTEX_POINT('',#2513);
#763=VERTEX_POINT('',#2517);
#764=VERTEX_POINT('',#2521);
#765=VERTEX_POINT('',#2525);
#766=VERTEX_POINT('',#2529);
#767=VERTEX_POINT('',#2531);
#768=VERTEX_POINT('',#2535);
#769=VERTEX_POINT('',#2539);
#770=VERTEX_POINT('',#2543);
#771=VERTEX_POINT('',#2547);
#772=VERTEX_POINT('',#2551);
#773=VERTEX_POINT('',#2555);
#774=VERTEX_POINT('',#2561);
#775=VERTEX_POINT('',#2565);
#776=VERTEX_POINT('',#2569);
#777=VERTEX_POINT('',#2573);
#778=VERTEX_POINT('',#2577);
#779=VERTEX_POINT('',#2581);
#780=VERTEX_POINT('',#2585);
#781=VERTEX_POINT('',#2591);
#782=VERTEX_POINT('',#2593);
#783=VERTEX_POINT('',#2597);
#784=VERTEX_POINT('',#2601);
#785=VERTEX_POINT('',#2607);
#786=VERTEX_POINT('',#2611);
#787=VERTEX_POINT('',#2615);
#788=VERTEX_POINT('',#2619);
#789=VERTEX_POINT('',#2621);
#790=VERTEX_POINT('',#2625);
#791=VERTEX_POINT('',#2629);
#792=VERTEX_POINT('',#2635);
#793=EDGE_CURVE('',#643,#644,#573,.T.);
#794=EDGE_CURVE('',#644,#645,#263,.T.);
#795=EDGE_CURVE('',#645,#646,#574,.T.);
#796=EDGE_CURVE('',#646,#643,#264,.T.);
#797=EDGE_CURVE('',#647,#646,#265,.T.);
#798=EDGE_CURVE('',#648,#647,#266,.T.);
#799=EDGE_CURVE('',#643,#648,#267,.T.);
#800=EDGE_CURVE('',#645,#649,#268,.T.);
#801=EDGE_CURVE('',#650,#649,#575,.T.);
#802=EDGE_CURVE('',#650,#651,#269,.T.);
#803=EDGE_CURVE('',#652,#651,#576,.T.);
#804=EDGE_CURVE('',#652,#653,#270,.T.);
#805=EDGE_CURVE('',#647,#653,#577,.T.);
#806=EDGE_CURVE('',#654,#655,#271,.T.);
#807=EDGE_CURVE('',#656,#654,#272,.T.);
#808=EDGE_CURVE('',#657,#656,#578,.T.);
#809=EDGE_CURVE('',#658,#657,#273,.T.);
#810=EDGE_CURVE('',#659,#658,#579,.T.);
#811=EDGE_CURVE('',#660,#659,#274,.T.);
#812=EDGE_CURVE('',#655,#660,#580,.T.);
#813=EDGE_CURVE('',#661,#662,#581,.T.);
#814=EDGE_CURVE('',#663,#661,#275,.T.);
#815=EDGE_CURVE('',#664,#663,#582,.T.);
#816=EDGE_CURVE('',#665,#664,#276,.T.);
#817=EDGE_CURVE('',#666,#665,#583,.T.);
#818=EDGE_CURVE('',#667,#666,#277,.T.);
#819=EDGE_CURVE('',#668,#667,#584,.T.);
#820=EDGE_CURVE('',#662,#668,#278,.T.);
#821=EDGE_CURVE('',#669,#669,#585,.T.);
#822=EDGE_CURVE('',#670,#671,#279,.T.);
#823=EDGE_CURVE('',#672,#670,#280,.T.);
#824=EDGE_CURVE('',#673,#672,#281,.T.);
#825=EDGE_CURVE('',#671,#673,#282,.T.);
#826=EDGE_CURVE('',#674,#675,#586,.T.);
#827=EDGE_CURVE('',#676,#674,#283,.T.);
#828=EDGE_CURVE('',#677,#676,#587,.T.);
#829=EDGE_CURVE('',#678,#677,#284,.T.);
#830=EDGE_CURVE('',#679,#678,#588,.T.);
#831=EDGE_CURVE('',#680,#679,#285,.T.);
#832=EDGE_CURVE('',#681,#680,#589,.T.);
#833=EDGE_CURVE('',#675,#681,#286,.T.);
#834=EDGE_CURVE('',#682,#683,#590,.T.);
#835=EDGE_CURVE('',#684,#682,#287,.T.);
#836=EDGE_CURVE('',#685,#684,#591,.T.);
#837=EDGE_CURVE('',#686,#685,#288,.T.);
#838=EDGE_CURVE('',#687,#686,#592,.T.);
#839=EDGE_CURVE('',#688,#687,#289,.T.);
#840=EDGE_CURVE('',#689,#688,#593,.T.);
#841=EDGE_CURVE('',#683,#689,#290,.T.);
#842=EDGE_CURVE('',#690,#690,#594,.T.);
#843=EDGE_CURVE('',#691,#691,#595,.T.);
#844=EDGE_CURVE('',#692,#693,#596,.T.);
#845=EDGE_CURVE('',#694,#692,#291,.T.);
#846=EDGE_CURVE('',#695,#694,#597,.T.);
#847=EDGE_CURVE('',#696,#695,#292,.T.);
#848=EDGE_CURVE('',#697,#696,#598,.T.);
#849=EDGE_CURVE('',#698,#697,#293,.T.);
#850=EDGE_CURVE('',#699,#698,#599,.T.);
#851=EDGE_CURVE('',#693,#699,#294,.T.);
#852=EDGE_CURVE('',#700,#701,#600,.T.);
#853=EDGE_CURVE('',#702,#700,#295,.T.);
#854=EDGE_CURVE('',#703,#702,#601,.T.);
#855=EDGE_CURVE('',#704,#703,#296,.T.);
#856=EDGE_CURVE('',#705,#704,#602,.T.);
#857=EDGE_CURVE('',#706,#705,#297,.T.);
#858=EDGE_CURVE('',#707,#706,#603,.T.);
#859=EDGE_CURVE('',#701,#707,#298,.T.);
#860=EDGE_CURVE('',#708,#709,#604,.T.);
#861=EDGE_CURVE('',#710,#708,#299,.T.);
#862=EDGE_CURVE('',#711,#710,#605,.T.);
#863=EDGE_CURVE('',#712,#711,#300,.T.);
#864=EDGE_CURVE('',#713,#712,#606,.T.);
#865=EDGE_CURVE('',#714,#713,#301,.T.);
#866=EDGE_CURVE('',#715,#714,#607,.T.);
#867=EDGE_CURVE('',#709,#715,#302,.T.);
#868=EDGE_CURVE('',#716,#716,#608,.T.);
#869=EDGE_CURVE('',#717,#718,#303,.T.);
#870=EDGE_CURVE('',#719,#717,#304,.T.);
#871=EDGE_CURVE('',#720,#719,#305,.T.);
#872=EDGE_CURVE('',#718,#720,#306,.T.);
#873=EDGE_CURVE('',#721,#722,#609,.T.);
#874=EDGE_CURVE('',#722,#650,#307,.T.);
#875=EDGE_CURVE('',#649,#721,#308,.T.);
#876=EDGE_CURVE('',#723,#722,#309,.T.);
#877=EDGE_CURVE('',#651,#723,#310,.T.);
#878=EDGE_CURVE('',#723,#724,#610,.T.);
#879=EDGE_CURVE('',#724,#652,#311,.T.);
#880=EDGE_CURVE('',#725,#648,#611,.T.);
#881=EDGE_CURVE('',#653,#725,#312,.T.);
#882=EDGE_CURVE('',#683,#726,#313,.T.);
#883=EDGE_CURVE('',#726,#727,#612,.T.);
#884=EDGE_CURVE('',#727,#682,#314,.T.);
#885=EDGE_CURVE('',#728,#689,#315,.T.);
#886=EDGE_CURVE('',#726,#728,#316,.T.);
#887=EDGE_CURVE('',#667,#729,#317,.T.);
#888=EDGE_CURVE('',#729,#730,#613,.T.);
#889=EDGE_CURVE('',#730,#668,#318,.T.);
#890=EDGE_CURVE('',#731,#666,#319,.T.);
#891=EDGE_CURVE('',#729,#731,#320,.T.);
#892=EDGE_CURVE('',#709,#732,#321,.T.);
#893=EDGE_CURVE('',#732,#733,#614,.T.);
#894=EDGE_CURVE('',#733,#708,#322,.T.);
#895=EDGE_CURVE('',#734,#715,#323,.T.);
#896=EDGE_CURVE('',#732,#734,#324,.T.);
#897=EDGE_CURVE('',#688,#735,#325,.T.);
#898=EDGE_CURVE('',#735,#728,#615,.T.);
#899=EDGE_CURVE('',#736,#687,#326,.T.);
#900=EDGE_CURVE('',#735,#736,#327,.T.);
#901=EDGE_CURVE('',#665,#737,#328,.T.);
#902=EDGE_CURVE('',#737,#731,#616,.T.);
#903=EDGE_CURVE('',#738,#664,#329,.T.);
#904=EDGE_CURVE('',#737,#738,#330,.T.);
#905=EDGE_CURVE('',#714,#739,#331,.T.);
#906=EDGE_CURVE('',#739,#734,#617,.T.);
#907=EDGE_CURVE('',#740,#713,#332,.T.);
#908=EDGE_CURVE('',#739,#740,#333,.T.);
#909=EDGE_CURVE('',#686,#741,#334,.T.);
#910=EDGE_CURVE('',#741,#736,#618,.T.);
#911=EDGE_CURVE('',#742,#685,#335,.T.);
#912=EDGE_CURVE('',#741,#742,#336,.T.);
#913=EDGE_CURVE('',#663,#743,#337,.T.);
#914=EDGE_CURVE('',#743,#738,#619,.T.);
#915=EDGE_CURVE('',#744,#661,#338,.T.);
#916=EDGE_CURVE('',#743,#744,#339,.T.);
#917=EDGE_CURVE('',#712,#745,#340,.T.);
#918=EDGE_CURVE('',#745,#740,#620,.T.);
#919=EDGE_CURVE('',#746,#711,#341,.T.);
#920=EDGE_CURVE('',#745,#746,#342,.T.);
#921=EDGE_CURVE('',#684,#747,#343,.T.);
#922=EDGE_CURVE('',#747,#742,#621,.T.);
#923=EDGE_CURVE('',#747,#727,#344,.T.);
#924=EDGE_CURVE('',#662,#748,#345,.T.);
#925=EDGE_CURVE('',#748,#744,#622,.T.);
#926=EDGE_CURVE('',#748,#730,#346,.T.);
#927=EDGE_CURVE('',#710,#749,#347,.T.);
#928=EDGE_CURVE('',#749,#746,#623,.T.);
#929=EDGE_CURVE('',#749,#733,#348,.T.);
#930=EDGE_CURVE('',#678,#750,#349,.T.);
#931=EDGE_CURVE('',#750,#751,#624,.T.);
#932=EDGE_CURVE('',#751,#679,#350,.T.);
#933=EDGE_CURVE('',#752,#677,#351,.T.);
#934=EDGE_CURVE('',#750,#752,#352,.T.);
#935=EDGE_CURVE('',#676,#753,#353,.T.);
#936=EDGE_CURVE('',#753,#752,#625,.T.);
#937=EDGE_CURVE('',#754,#674,#354,.T.);
#938=EDGE_CURVE('',#753,#754,#355,.T.);
#939=EDGE_CURVE('',#675,#755,#356,.T.);
#940=EDGE_CURVE('',#755,#754,#626,.T.);
#941=EDGE_CURVE('',#756,#681,#357,.T.);
#942=EDGE_CURVE('',#755,#756,#358,.T.);
#943=EDGE_CURVE('',#680,#757,#359,.T.);
#944=EDGE_CURVE('',#757,#756,#627,.T.);
#945=EDGE_CURVE('',#757,#751,#360,.T.);
#946=EDGE_CURVE('',#701,#758,#361,.T.);
#947=EDGE_CURVE('',#758,#759,#628,.T.);
#948=EDGE_CURVE('',#759,#700,#362,.T.);
#949=EDGE_CURVE('',#760,#707,#363,.T.);
#950=EDGE_CURVE('',#758,#760,#364,.T.);
#951=EDGE_CURVE('',#694,#761,#365,.T.);
#952=EDGE_CURVE('',#761,#762,#629,.T.);
#953=EDGE_CURVE('',#762,#695,#366,.T.);
#954=EDGE_CURVE('',#763,#692,#367,.T.);
#955=EDGE_CURVE('',#761,#763,#368,.T.);
#956=EDGE_CURVE('',#693,#764,#369,.T.);
#957=EDGE_CURVE('',#764,#763,#630,.T.);
#958=EDGE_CURVE('',#765,#699,#370,.T.);
#959=EDGE_CURVE('',#764,#765,#371,.T.);
#960=EDGE_CURVE('',#660,#766,#372,.T.);
#961=EDGE_CURVE('',#766,#767,#631,.T.);
#962=EDGE_CURVE('',#767,#655,#373,.T.);
#963=EDGE_CURVE('',#768,#659,#374,.T.);
#964=EDGE_CURVE('',#766,#768,#375,.T.);
#965=EDGE_CURVE('',#658,#769,#376,.T.);
#966=EDGE_CURVE('',#769,#768,#632,.T.);
#967=EDGE_CURVE('',#770,#657,#377,.T.);
#968=EDGE_CURVE('',#769,#770,#378,.T.);
#969=EDGE_CURVE('',#698,#771,#379,.T.);
#970=EDGE_CURVE('',#771,#765,#633,.T.);
#971=EDGE_CURVE('',#772,#697,#380,.T.);
#972=EDGE_CURVE('',#771,#772,#381,.T.);
#973=EDGE_CURVE('',#696,#773,#382,.T.);
#974=EDGE_CURVE('',#773,#772,#634,.T.);
#975=EDGE_CURVE('',#773,#762,#383,.T.);
#976=EDGE_CURVE('',#656,#774,#384,.T.);
#977=EDGE_CURVE('',#774,#770,#635,.T.);
#978=EDGE_CURVE('',#654,#775,#385,.T.);
#979=EDGE_CURVE('',#774,#775,#386,.T.);
#980=EDGE_CURVE('',#706,#776,#387,.T.);
#981=EDGE_CURVE('',#776,#760,#636,.T.);
#982=EDGE_CURVE('',#777,#705,#388,.T.);
#983=EDGE_CURVE('',#776,#777,#389,.T.);
#984=EDGE_CURVE('',#704,#778,#390,.T.);
#985=EDGE_CURVE('',#778,#777,#637,.T.);
#986=EDGE_CURVE('',#779,#703,#391,.T.);
#987=EDGE_CURVE('',#778,#779,#392,.T.);
#988=EDGE_CURVE('',#702,#780,#393,.T.);
#989=EDGE_CURVE('',#780,#779,#638,.T.);
#990=EDGE_CURVE('',#780,#759,#394,.T.);
#991=EDGE_CURVE('',#717,#781,#395,.T.);
#992=EDGE_CURVE('',#782,#781,#396,.T.);
#993=EDGE_CURVE('',#719,#782,#397,.T.);
#994=EDGE_CURVE('',#783,#782,#398,.T.);
#995=EDGE_CURVE('',#720,#783,#399,.T.);
#996=EDGE_CURVE('',#784,#783,#400,.T.);
#997=EDGE_CURVE('',#718,#784,#401,.T.);
#998=EDGE_CURVE('',#781,#784,#402,.T.);
#999=EDGE_CURVE('',#785,#785,#639,.T.);
#1000=EDGE_CURVE('',#785,#716,#403,.T.);
#1001=EDGE_CURVE('',#786,#786,#640,.T.);
#1002=EDGE_CURVE('',#786,#691,#404,.T.);
#1003=EDGE_CURVE('',#787,#787,#641,.T.);
#1004=EDGE_CURVE('',#787,#690,#405,.T.);
#1005=EDGE_CURVE('',#670,#788,#406,.T.);
#1006=EDGE_CURVE('',#789,#788,#407,.T.);
#1007=EDGE_CURVE('',#672,#789,#408,.T.);
#1008=EDGE_CURVE('',#790,#789,#409,.T.);
#1009=EDGE_CURVE('',#673,#790,#410,.T.);
#1010=EDGE_CURVE('',#791,#790,#411,.T.);
#1011=EDGE_CURVE('',#671,#791,#412,.T.);
#1012=EDGE_CURVE('',#788,#791,#413,.T.);
#1013=EDGE_CURVE('',#792,#792,#642,.T.);
#1014=EDGE_CURVE('',#792,#669,#414,.T.);
#1015=EDGE_CURVE('',#775,#767,#415,.T.);
#1016=EDGE_CURVE('',#721,#644,#416,.T.);
#1017=EDGE_CURVE('',#725,#724,#417,.T.);
#1018=ORIENTED_EDGE('',*,*,#793,.T.);
#1019=ORIENTED_EDGE('',*,*,#794,.T.);
#1020=ORIENTED_EDGE('',*,*,#795,.T.);
#1021=ORIENTED_EDGE('',*,*,#796,.T.);
#1022=ORIENTED_EDGE('',*,*,#796,.F.);
#1023=ORIENTED_EDGE('',*,*,#797,.F.);
#1024=ORIENTED_EDGE('',*,*,#798,.F.);
#1025=ORIENTED_EDGE('',*,*,#799,.F.);
#1026=ORIENTED_EDGE('',*,*,#795,.F.);
#1027=ORIENTED_EDGE('',*,*,#800,.T.);
#1028=ORIENTED_EDGE('',*,*,#801,.F.);
#1029=ORIENTED_EDGE('',*,*,#802,.T.);
#1030=ORIENTED_EDGE('',*,*,#803,.F.);
#1031=ORIENTED_EDGE('',*,*,#804,.T.);
#1032=ORIENTED_EDGE('',*,*,#805,.F.);
#1033=ORIENTED_EDGE('',*,*,#797,.T.);
#1034=ORIENTED_EDGE('',*,*,#806,.F.);
#1035=ORIENTED_EDGE('',*,*,#807,.F.);
#1036=ORIENTED_EDGE('',*,*,#808,.F.);
#1037=ORIENTED_EDGE('',*,*,#809,.F.);
#1038=ORIENTED_EDGE('',*,*,#810,.F.);
#1039=ORIENTED_EDGE('',*,*,#811,.F.);
#1040=ORIENTED_EDGE('',*,*,#812,.F.);
#1041=ORIENTED_EDGE('',*,*,#813,.F.);
#1042=ORIENTED_EDGE('',*,*,#814,.F.);
#1043=ORIENTED_EDGE('',*,*,#815,.F.);
#1044=ORIENTED_EDGE('',*,*,#816,.F.);
#1045=ORIENTED_EDGE('',*,*,#817,.F.);
#1046=ORIENTED_EDGE('',*,*,#818,.F.);
#1047=ORIENTED_EDGE('',*,*,#819,.F.);
#1048=ORIENTED_EDGE('',*,*,#820,.F.);
#1049=ORIENTED_EDGE('',*,*,#821,.F.);
#1050=ORIENTED_EDGE('',*,*,#822,.F.);
#1051=ORIENTED_EDGE('',*,*,#823,.F.);
#1052=ORIENTED_EDGE('',*,*,#824,.F.);
#1053=ORIENTED_EDGE('',*,*,#825,.F.);
#1054=ORIENTED_EDGE('',*,*,#826,.F.);
#1055=ORIENTED_EDGE('',*,*,#827,.F.);
#1056=ORIENTED_EDGE('',*,*,#828,.F.);
#1057=ORIENTED_EDGE('',*,*,#829,.F.);
#1058=ORIENTED_EDGE('',*,*,#830,.F.);
#1059=ORIENTED_EDGE('',*,*,#831,.F.);
#1060=ORIENTED_EDGE('',*,*,#832,.F.);
#1061=ORIENTED_EDGE('',*,*,#833,.F.);
#1062=ORIENTED_EDGE('',*,*,#834,.F.);
#1063=ORIENTED_EDGE('',*,*,#835,.F.);
#1064=ORIENTED_EDGE('',*,*,#836,.F.);
#1065=ORIENTED_EDGE('',*,*,#837,.F.);
#1066=ORIENTED_EDGE('',*,*,#838,.F.);
#1067=ORIENTED_EDGE('',*,*,#839,.F.);
#1068=ORIENTED_EDGE('',*,*,#840,.F.);
#1069=ORIENTED_EDGE('',*,*,#841,.F.);
#1070=ORIENTED_EDGE('',*,*,#842,.F.);
#1071=ORIENTED_EDGE('',*,*,#843,.F.);
#1072=ORIENTED_EDGE('',*,*,#844,.F.);
#1073=ORIENTED_EDGE('',*,*,#845,.F.);
#1074=ORIENTED_EDGE('',*,*,#846,.F.);
#1075=ORIENTED_EDGE('',*,*,#847,.F.);
#1076=ORIENTED_EDGE('',*,*,#848,.F.);
#1077=ORIENTED_EDGE('',*,*,#849,.F.);
#1078=ORIENTED_EDGE('',*,*,#850,.F.);
#1079=ORIENTED_EDGE('',*,*,#851,.F.);
#1080=ORIENTED_EDGE('',*,*,#852,.F.);
#1081=ORIENTED_EDGE('',*,*,#853,.F.);
#1082=ORIENTED_EDGE('',*,*,#854,.F.);
#1083=ORIENTED_EDGE('',*,*,#855,.F.);
#1084=ORIENTED_EDGE('',*,*,#856,.F.);
#1085=ORIENTED_EDGE('',*,*,#857,.F.);
#1086=ORIENTED_EDGE('',*,*,#858,.F.);
#1087=ORIENTED_EDGE('',*,*,#859,.F.);
#1088=ORIENTED_EDGE('',*,*,#860,.F.);
#1089=ORIENTED_EDGE('',*,*,#861,.F.);
#1090=ORIENTED_EDGE('',*,*,#862,.F.);
#1091=ORIENTED_EDGE('',*,*,#863,.F.);
#1092=ORIENTED_EDGE('',*,*,#864,.F.);
#1093=ORIENTED_EDGE('',*,*,#865,.F.);
#1094=ORIENTED_EDGE('',*,*,#866,.F.);
#1095=ORIENTED_EDGE('',*,*,#867,.F.);
#1096=ORIENTED_EDGE('',*,*,#868,.F.);
#1097=ORIENTED_EDGE('',*,*,#869,.F.);
#1098=ORIENTED_EDGE('',*,*,#870,.F.);
#1099=ORIENTED_EDGE('',*,*,#871,.F.);
#1100=ORIENTED_EDGE('',*,*,#872,.F.);
#1101=ORIENTED_EDGE('',*,*,#873,.T.);
#1102=ORIENTED_EDGE('',*,*,#874,.T.);
#1103=ORIENTED_EDGE('',*,*,#801,.T.);
#1104=ORIENTED_EDGE('',*,*,#875,.T.);
#1105=ORIENTED_EDGE('',*,*,#874,.F.);
#1106=ORIENTED_EDGE('',*,*,#876,.F.);
#1107=ORIENTED_EDGE('',*,*,#877,.F.);
#1108=ORIENTED_EDGE('',*,*,#802,.F.);
#1109=ORIENTED_EDGE('',*,*,#878,.T.);
#1110=ORIENTED_EDGE('',*,*,#879,.T.);
#1111=ORIENTED_EDGE('',*,*,#803,.T.);
#1112=ORIENTED_EDGE('',*,*,#877,.T.);
#1113=ORIENTED_EDGE('',*,*,#880,.T.);
#1114=ORIENTED_EDGE('',*,*,#798,.T.);
#1115=ORIENTED_EDGE('',*,*,#805,.T.);
#1116=ORIENTED_EDGE('',*,*,#881,.T.);
#1117=ORIENTED_EDGE('',*,*,#834,.T.);
#1118=ORIENTED_EDGE('',*,*,#882,.T.);
#1119=ORIENTED_EDGE('',*,*,#883,.T.);
#1120=ORIENTED_EDGE('',*,*,#884,.T.);
#1121=ORIENTED_EDGE('',*,*,#882,.F.);
#1122=ORIENTED_EDGE('',*,*,#841,.T.);
#1123=ORIENTED_EDGE('',*,*,#885,.F.);
#1124=ORIENTED_EDGE('',*,*,#886,.F.);
#1125=ORIENTED_EDGE('',*,*,#819,.T.);
#1126=ORIENTED_EDGE('',*,*,#887,.T.);
#1127=ORIENTED_EDGE('',*,*,#888,.T.);
#1128=ORIENTED_EDGE('',*,*,#889,.T.);
#1129=ORIENTED_EDGE('',*,*,#887,.F.);
#1130=ORIENTED_EDGE('',*,*,#818,.T.);
#1131=ORIENTED_EDGE('',*,*,#890,.F.);
#1132=ORIENTED_EDGE('',*,*,#891,.F.);
#1133=ORIENTED_EDGE('',*,*,#860,.T.);
#1134=ORIENTED_EDGE('',*,*,#892,.T.);
#1135=ORIENTED_EDGE('',*,*,#893,.T.);
#1136=ORIENTED_EDGE('',*,*,#894,.T.);
#1137=ORIENTED_EDGE('',*,*,#892,.F.);
#1138=ORIENTED_EDGE('',*,*,#867,.T.);
#1139=ORIENTED_EDGE('',*,*,#895,.F.);
#1140=ORIENTED_EDGE('',*,*,#896,.F.);
#1141=ORIENTED_EDGE('',*,*,#840,.T.);
#1142=ORIENTED_EDGE('',*,*,#897,.T.);
#1143=ORIENTED_EDGE('',*,*,#898,.T.);
#1144=ORIENTED_EDGE('',*,*,#885,.T.);
#1145=ORIENTED_EDGE('',*,*,#897,.F.);
#1146=ORIENTED_EDGE('',*,*,#839,.T.);
#1147=ORIENTED_EDGE('',*,*,#899,.F.);
#1148=ORIENTED_EDGE('',*,*,#900,.F.);
#1149=ORIENTED_EDGE('',*,*,#817,.T.);
#1150=ORIENTED_EDGE('',*,*,#901,.T.);
#1151=ORIENTED_EDGE('',*,*,#902,.T.);
#1152=ORIENTED_EDGE('',*,*,#890,.T.);
#1153=ORIENTED_EDGE('',*,*,#901,.F.);
#1154=ORIENTED_EDGE('',*,*,#816,.T.);
#1155=ORIENTED_EDGE('',*,*,#903,.F.);
#1156=ORIENTED_EDGE('',*,*,#904,.F.);
#1157=ORIENTED_EDGE('',*,*,#866,.T.);
#1158=ORIENTED_EDGE('',*,*,#905,.T.);
#1159=ORIENTED_EDGE('',*,*,#906,.T.);
#1160=ORIENTED_EDGE('',*,*,#895,.T.);
#1161=ORIENTED_EDGE('',*,*,#905,.F.);
#1162=ORIENTED_EDGE('',*,*,#865,.T.);
#1163=ORIENTED_EDGE('',*,*,#907,.F.);
#1164=ORIENTED_EDGE('',*,*,#908,.F.);
#1165=ORIENTED_EDGE('',*,*,#838,.T.);
#1166=ORIENTED_EDGE('',*,*,#909,.T.);
#1167=ORIENTED_EDGE('',*,*,#910,.T.);
#1168=ORIENTED_EDGE('',*,*,#899,.T.);
#1169=ORIENTED_EDGE('',*,*,#909,.F.);
#1170=ORIENTED_EDGE('',*,*,#837,.T.);
#1171=ORIENTED_EDGE('',*,*,#911,.F.);
#1172=ORIENTED_EDGE('',*,*,#912,.F.);
#1173=ORIENTED_EDGE('',*,*,#815,.T.);
#1174=ORIENTED_EDGE('',*,*,#913,.T.);
#1175=ORIENTED_EDGE('',*,*,#914,.T.);
#1176=ORIENTED_EDGE('',*,*,#903,.T.);
#1177=ORIENTED_EDGE('',*,*,#913,.F.);
#1178=ORIENTED_EDGE('',*,*,#814,.T.);
#1179=ORIENTED_EDGE('',*,*,#915,.F.);
#1180=ORIENTED_EDGE('',*,*,#916,.F.);
#1181=ORIENTED_EDGE('',*,*,#864,.T.);
#1182=ORIENTED_EDGE('',*,*,#917,.T.);
#1183=ORIENTED_EDGE('',*,*,#918,.T.);
#1184=ORIENTED_EDGE('',*,*,#907,.T.);
#1185=ORIENTED_EDGE('',*,*,#917,.F.);
#1186=ORIENTED_EDGE('',*,*,#863,.T.);
#1187=ORIENTED_EDGE('',*,*,#919,.F.);
#1188=ORIENTED_EDGE('',*,*,#920,.F.);
#1189=ORIENTED_EDGE('',*,*,#836,.T.);
#1190=ORIENTED_EDGE('',*,*,#921,.T.);
#1191=ORIENTED_EDGE('',*,*,#922,.T.);
#1192=ORIENTED_EDGE('',*,*,#911,.T.);
#1193=ORIENTED_EDGE('',*,*,#884,.F.);
#1194=ORIENTED_EDGE('',*,*,#923,.F.);
#1195=ORIENTED_EDGE('',*,*,#921,.F.);
#1196=ORIENTED_EDGE('',*,*,#835,.T.);
#1197=ORIENTED_EDGE('',*,*,#813,.T.);
#1198=ORIENTED_EDGE('',*,*,#924,.T.);
#1199=ORIENTED_EDGE('',*,*,#925,.T.);
#1200=ORIENTED_EDGE('',*,*,#915,.T.);
#1201=ORIENTED_EDGE('',*,*,#889,.F.);
#1202=ORIENTED_EDGE('',*,*,#926,.F.);
#1203=ORIENTED_EDGE('',*,*,#924,.F.);
#1204=ORIENTED_EDGE('',*,*,#820,.T.);
#1205=ORIENTED_EDGE('',*,*,#862,.T.);
#1206=ORIENTED_EDGE('',*,*,#927,.T.);
#1207=ORIENTED_EDGE('',*,*,#928,.T.);
#1208=ORIENTED_EDGE('',*,*,#919,.T.);
#1209=ORIENTED_EDGE('',*,*,#894,.F.);
#1210=ORIENTED_EDGE('',*,*,#929,.F.);
#1211=ORIENTED_EDGE('',*,*,#927,.F.);
#1212=ORIENTED_EDGE('',*,*,#861,.T.);
#1213=ORIENTED_EDGE('',*,*,#830,.T.);
#1214=ORIENTED_EDGE('',*,*,#930,.T.);
#1215=ORIENTED_EDGE('',*,*,#931,.T.);
#1216=ORIENTED_EDGE('',*,*,#932,.T.);
#1217=ORIENTED_EDGE('',*,*,#930,.F.);
#1218=ORIENTED_EDGE('',*,*,#829,.T.);
#1219=ORIENTED_EDGE('',*,*,#933,.F.);
#1220=ORIENTED_EDGE('',*,*,#934,.F.);
#1221=ORIENTED_EDGE('',*,*,#828,.T.);
#1222=ORIENTED_EDGE('',*,*,#935,.T.);
#1223=ORIENTED_EDGE('',*,*,#936,.T.);
#1224=ORIENTED_EDGE('',*,*,#933,.T.);
#1225=ORIENTED_EDGE('',*,*,#935,.F.);
#1226=ORIENTED_EDGE('',*,*,#827,.T.);
#1227=ORIENTED_EDGE('',*,*,#937,.F.);
#1228=ORIENTED_EDGE('',*,*,#938,.F.);
#1229=ORIENTED_EDGE('',*,*,#826,.T.);
#1230=ORIENTED_EDGE('',*,*,#939,.T.);
#1231=ORIENTED_EDGE('',*,*,#940,.T.);
#1232=ORIENTED_EDGE('',*,*,#937,.T.);
#1233=ORIENTED_EDGE('',*,*,#939,.F.);
#1234=ORIENTED_EDGE('',*,*,#833,.T.);
#1235=ORIENTED_EDGE('',*,*,#941,.F.);
#1236=ORIENTED_EDGE('',*,*,#942,.F.);
#1237=ORIENTED_EDGE('',*,*,#832,.T.);
#1238=ORIENTED_EDGE('',*,*,#943,.T.);
#1239=ORIENTED_EDGE('',*,*,#944,.T.);
#1240=ORIENTED_EDGE('',*,*,#941,.T.);
#1241=ORIENTED_EDGE('',*,*,#932,.F.);
#1242=ORIENTED_EDGE('',*,*,#945,.F.);
#1243=ORIENTED_EDGE('',*,*,#943,.F.);
#1244=ORIENTED_EDGE('',*,*,#831,.T.);
#1245=ORIENTED_EDGE('',*,*,#852,.T.);
#1246=ORIENTED_EDGE('',*,*,#946,.T.);
#1247=ORIENTED_EDGE('',*,*,#947,.T.);
#1248=ORIENTED_EDGE('',*,*,#948,.T.);
#1249=ORIENTED_EDGE('',*,*,#946,.F.);
#1250=ORIENTED_EDGE('',*,*,#859,.T.);
#1251=ORIENTED_EDGE('',*,*,#949,.F.);
#1252=ORIENTED_EDGE('',*,*,#950,.F.);
#1253=ORIENTED_EDGE('',*,*,#846,.T.);
#1254=ORIENTED_EDGE('',*,*,#951,.T.);
#1255=ORIENTED_EDGE('',*,*,#952,.T.);
#1256=ORIENTED_EDGE('',*,*,#953,.T.);
#1257=ORIENTED_EDGE('',*,*,#951,.F.);
#1258=ORIENTED_EDGE('',*,*,#845,.T.);
#1259=ORIENTED_EDGE('',*,*,#954,.F.);
#1260=ORIENTED_EDGE('',*,*,#955,.F.);
#1261=ORIENTED_EDGE('',*,*,#844,.T.);
#1262=ORIENTED_EDGE('',*,*,#956,.T.);
#1263=ORIENTED_EDGE('',*,*,#957,.T.);
#1264=ORIENTED_EDGE('',*,*,#954,.T.);
#1265=ORIENTED_EDGE('',*,*,#956,.F.);
#1266=ORIENTED_EDGE('',*,*,#851,.T.);
#1267=ORIENTED_EDGE('',*,*,#958,.F.);
#1268=ORIENTED_EDGE('',*,*,#959,.F.);
#1269=ORIENTED_EDGE('',*,*,#812,.T.);
#1270=ORIENTED_EDGE('',*,*,#960,.T.);
#1271=ORIENTED_EDGE('',*,*,#961,.T.);
#1272=ORIENTED_EDGE('',*,*,#962,.T.);
#1273=ORIENTED_EDGE('',*,*,#960,.F.);
#1274=ORIENTED_EDGE('',*,*,#811,.T.);
#1275=ORIENTED_EDGE('',*,*,#963,.F.);
#1276=ORIENTED_EDGE('',*,*,#964,.F.);
#1277=ORIENTED_EDGE('',*,*,#810,.T.);
#1278=ORIENTED_EDGE('',*,*,#965,.T.);
#1279=ORIENTED_EDGE('',*,*,#966,.T.);
#1280=ORIENTED_EDGE('',*,*,#963,.T.);
#1281=ORIENTED_EDGE('',*,*,#965,.F.);
#1282=ORIENTED_EDGE('',*,*,#809,.T.);
#1283=ORIENTED_EDGE('',*,*,#967,.F.);
#1284=ORIENTED_EDGE('',*,*,#968,.F.);
#1285=ORIENTED_EDGE('',*,*,#850,.T.);
#1286=ORIENTED_EDGE('',*,*,#969,.T.);
#1287=ORIENTED_EDGE('',*,*,#970,.T.);
#1288=ORIENTED_EDGE('',*,*,#958,.T.);
#1289=ORIENTED_EDGE('',*,*,#969,.F.);
#1290=ORIENTED_EDGE('',*,*,#849,.T.);
#1291=ORIENTED_EDGE('',*,*,#971,.F.);
#1292=ORIENTED_EDGE('',*,*,#972,.F.);
#1293=ORIENTED_EDGE('',*,*,#848,.T.);
#1294=ORIENTED_EDGE('',*,*,#973,.T.);
#1295=ORIENTED_EDGE('',*,*,#974,.T.);
#1296=ORIENTED_EDGE('',*,*,#971,.T.);
#1297=ORIENTED_EDGE('',*,*,#953,.F.);
#1298=ORIENTED_EDGE('',*,*,#975,.F.);
#1299=ORIENTED_EDGE('',*,*,#973,.F.);
#1300=ORIENTED_EDGE('',*,*,#847,.T.);
#1301=ORIENTED_EDGE('',*,*,#808,.T.);
#1302=ORIENTED_EDGE('',*,*,#976,.T.);
#1303=ORIENTED_EDGE('',*,*,#977,.T.);
#1304=ORIENTED_EDGE('',*,*,#967,.T.);
#1305=ORIENTED_EDGE('',*,*,#976,.F.);
#1306=ORIENTED_EDGE('',*,*,#807,.T.);
#1307=ORIENTED_EDGE('',*,*,#978,.T.);
#1308=ORIENTED_EDGE('',*,*,#979,.F.);
#1309=ORIENTED_EDGE('',*,*,#858,.T.);
#1310=ORIENTED_EDGE('',*,*,#980,.T.);
#1311=ORIENTED_EDGE('',*,*,#981,.T.);
#1312=ORIENTED_EDGE('',*,*,#949,.T.);
#1313=ORIENTED_EDGE('',*,*,#980,.F.);
#1314=ORIENTED_EDGE('',*,*,#857,.T.);
#1315=ORIENTED_EDGE('',*,*,#982,.F.);
#1316=ORIENTED_EDGE('',*,*,#983,.F.);
#1317=ORIENTED_EDGE('',*,*,#856,.T.);
#1318=ORIENTED_EDGE('',*,*,#984,.T.);
#1319=ORIENTED_EDGE('',*,*,#985,.T.);
#1320=ORIENTED_EDGE('',*,*,#982,.T.);
#1321=ORIENTED_EDGE('',*,*,#984,.F.);
#1322=ORIENTED_EDGE('',*,*,#855,.T.);
#1323=ORIENTED_EDGE('',*,*,#986,.F.);
#1324=ORIENTED_EDGE('',*,*,#987,.F.);
#1325=ORIENTED_EDGE('',*,*,#854,.T.);
#1326=ORIENTED_EDGE('',*,*,#988,.T.);
#1327=ORIENTED_EDGE('',*,*,#989,.T.);
#1328=ORIENTED_EDGE('',*,*,#986,.T.);
#1329=ORIENTED_EDGE('',*,*,#948,.F.);
#1330=ORIENTED_EDGE('',*,*,#990,.F.);
#1331=ORIENTED_EDGE('',*,*,#988,.F.);
#1332=ORIENTED_EDGE('',*,*,#853,.T.);
#1333=ORIENTED_EDGE('',*,*,#870,.T.);
#1334=ORIENTED_EDGE('',*,*,#991,.T.);
#1335=ORIENTED_EDGE('',*,*,#992,.F.);
#1336=ORIENTED_EDGE('',*,*,#993,.F.);
#1337=ORIENTED_EDGE('',*,*,#871,.T.);
#1338=ORIENTED_EDGE('',*,*,#993,.T.);
#1339=ORIENTED_EDGE('',*,*,#994,.F.);
#1340=ORIENTED_EDGE('',*,*,#995,.F.);
#1341=ORIENTED_EDGE('',*,*,#872,.T.);
#1342=ORIENTED_EDGE('',*,*,#995,.T.);
#1343=ORIENTED_EDGE('',*,*,#996,.F.);
#1344=ORIENTED_EDGE('',*,*,#997,.F.);
#1345=ORIENTED_EDGE('',*,*,#869,.T.);
#1346=ORIENTED_EDGE('',*,*,#997,.T.);
#1347=ORIENTED_EDGE('',*,*,#998,.F.);
#1348=ORIENTED_EDGE('',*,*,#991,.F.);
#1349=ORIENTED_EDGE('',*,*,#999,.F.);
#1350=ORIENTED_EDGE('',*,*,#1000,.T.);
#1351=ORIENTED_EDGE('',*,*,#868,.T.);
#1352=ORIENTED_EDGE('',*,*,#1000,.F.);
#1353=ORIENTED_EDGE('',*,*,#1001,.F.);
#1354=ORIENTED_EDGE('',*,*,#1002,.T.);
#1355=ORIENTED_EDGE('',*,*,#843,.T.);
#1356=ORIENTED_EDGE('',*,*,#1002,.F.);
#1357=ORIENTED_EDGE('',*,*,#1003,.F.);
#1358=ORIENTED_EDGE('',*,*,#1004,.T.);
#1359=ORIENTED_EDGE('',*,*,#842,.T.);
#1360=ORIENTED_EDGE('',*,*,#1004,.F.);
#1361=ORIENTED_EDGE('',*,*,#823,.T.);
#1362=ORIENTED_EDGE('',*,*,#1005,.T.);
#1363=ORIENTED_EDGE('',*,*,#1006,.F.);
#1364=ORIENTED_EDGE('',*,*,#1007,.F.);
#1365=ORIENTED_EDGE('',*,*,#824,.T.);
#1366=ORIENTED_EDGE('',*,*,#1007,.T.);
#1367=ORIENTED_EDGE('',*,*,#1008,.F.);
#1368=ORIENTED_EDGE('',*,*,#1009,.F.);
#1369=ORIENTED_EDGE('',*,*,#825,.T.);
#1370=ORIENTED_EDGE('',*,*,#1009,.T.);
#1371=ORIENTED_EDGE('',*,*,#1010,.F.);
#1372=ORIENTED_EDGE('',*,*,#1011,.F.);
#1373=ORIENTED_EDGE('',*,*,#822,.T.);
#1374=ORIENTED_EDGE('',*,*,#1011,.T.);
#1375=ORIENTED_EDGE('',*,*,#1012,.F.);
#1376=ORIENTED_EDGE('',*,*,#1005,.F.);
#1377=ORIENTED_EDGE('',*,*,#1013,.F.);
#1378=ORIENTED_EDGE('',*,*,#1014,.T.);
#1379=ORIENTED_EDGE('',*,*,#821,.T.);
#1380=ORIENTED_EDGE('',*,*,#1014,.F.);
#1381=ORIENTED_EDGE('',*,*,#962,.F.);
#1382=ORIENTED_EDGE('',*,*,#1015,.F.);
#1383=ORIENTED_EDGE('',*,*,#978,.F.);
#1384=ORIENTED_EDGE('',*,*,#806,.T.);
#1385=ORIENTED_EDGE('',*,*,#794,.F.);
#1386=ORIENTED_EDGE('',*,*,#1016,.F.);
#1387=ORIENTED_EDGE('',*,*,#875,.F.);
#1388=ORIENTED_EDGE('',*,*,#800,.F.);
#1389=ORIENTED_EDGE('',*,*,#879,.F.);
#1390=ORIENTED_EDGE('',*,*,#1017,.F.);
#1391=ORIENTED_EDGE('',*,*,#881,.F.);
#1392=ORIENTED_EDGE('',*,*,#804,.F.);
#1393=ORIENTED_EDGE('',*,*,#793,.F.);
#1394=ORIENTED_EDGE('',*,*,#799,.T.);
#1395=ORIENTED_EDGE('',*,*,#880,.F.);
#1396=ORIENTED_EDGE('',*,*,#1017,.T.);
#1397=ORIENTED_EDGE('',*,*,#878,.F.);
#1398=ORIENTED_EDGE('',*,*,#876,.T.);
#1399=ORIENTED_EDGE('',*,*,#873,.F.);
#1400=ORIENTED_EDGE('',*,*,#1016,.T.);
#1401=ORIENTED_EDGE('',*,*,#1015,.T.);
#1402=ORIENTED_EDGE('',*,*,#961,.F.);
#1403=ORIENTED_EDGE('',*,*,#964,.T.);
#1404=ORIENTED_EDGE('',*,*,#966,.F.);
#1405=ORIENTED_EDGE('',*,*,#968,.T.);
#1406=ORIENTED_EDGE('',*,*,#977,.F.);
#1407=ORIENTED_EDGE('',*,*,#979,.T.);
#1408=ORIENTED_EDGE('',*,*,#926,.T.);
#1409=ORIENTED_EDGE('',*,*,#888,.F.);
#1410=ORIENTED_EDGE('',*,*,#891,.T.);
#1411=ORIENTED_EDGE('',*,*,#902,.F.);
#1412=ORIENTED_EDGE('',*,*,#904,.T.);
#1413=ORIENTED_EDGE('',*,*,#914,.F.);
#1414=ORIENTED_EDGE('',*,*,#916,.T.);
#1415=ORIENTED_EDGE('',*,*,#925,.F.);
#1416=ORIENTED_EDGE('',*,*,#1013,.T.);
#1417=ORIENTED_EDGE('',*,*,#1012,.T.);
#1418=ORIENTED_EDGE('',*,*,#1010,.T.);
#1419=ORIENTED_EDGE('',*,*,#1008,.T.);
#1420=ORIENTED_EDGE('',*,*,#1006,.T.);
#1421=ORIENTED_EDGE('',*,*,#942,.T.);
#1422=ORIENTED_EDGE('',*,*,#944,.F.);
#1423=ORIENTED_EDGE('',*,*,#945,.T.);
#1424=ORIENTED_EDGE('',*,*,#931,.F.);
#1425=ORIENTED_EDGE('',*,*,#934,.T.);
#1426=ORIENTED_EDGE('',*,*,#936,.F.);
#1427=ORIENTED_EDGE('',*,*,#938,.T.);
#1428=ORIENTED_EDGE('',*,*,#940,.F.);
#1429=ORIENTED_EDGE('',*,*,#886,.T.);
#1430=ORIENTED_EDGE('',*,*,#898,.F.);
#1431=ORIENTED_EDGE('',*,*,#900,.T.);
#1432=ORIENTED_EDGE('',*,*,#910,.F.);
#1433=ORIENTED_EDGE('',*,*,#912,.T.);
#1434=ORIENTED_EDGE('',*,*,#922,.F.);
#1435=ORIENTED_EDGE('',*,*,#923,.T.);
#1436=ORIENTED_EDGE('',*,*,#883,.F.);
#1437=ORIENTED_EDGE('',*,*,#1003,.T.);
#1438=ORIENTED_EDGE('',*,*,#1001,.T.);
#1439=ORIENTED_EDGE('',*,*,#959,.T.);
#1440=ORIENTED_EDGE('',*,*,#970,.F.);
#1441=ORIENTED_EDGE('',*,*,#972,.T.);
#1442=ORIENTED_EDGE('',*,*,#974,.F.);
#1443=ORIENTED_EDGE('',*,*,#975,.T.);
#1444=ORIENTED_EDGE('',*,*,#952,.F.);
#1445=ORIENTED_EDGE('',*,*,#955,.T.);
#1446=ORIENTED_EDGE('',*,*,#957,.F.);
#1447=ORIENTED_EDGE('',*,*,#950,.T.);
#1448=ORIENTED_EDGE('',*,*,#981,.F.);
#1449=ORIENTED_EDGE('',*,*,#983,.T.);
#1450=ORIENTED_EDGE('',*,*,#985,.F.);
#1451=ORIENTED_EDGE('',*,*,#987,.T.);
#1452=ORIENTED_EDGE('',*,*,#989,.F.);
#1453=ORIENTED_EDGE('',*,*,#990,.T.);
#1454=ORIENTED_EDGE('',*,*,#947,.F.);
#1455=ORIENTED_EDGE('',*,*,#896,.T.);
#1456=ORIENTED_EDGE('',*,*,#906,.F.);
#1457=ORIENTED_EDGE('',*,*,#908,.T.);
#1458=ORIENTED_EDGE('',*,*,#918,.F.);
#1459=ORIENTED_EDGE('',*,*,#920,.T.);
#1460=ORIENTED_EDGE('',*,*,#928,.F.);
#1461=ORIENTED_EDGE('',*,*,#929,.T.);
#1462=ORIENTED_EDGE('',*,*,#893,.F.);
#1463=ORIENTED_EDGE('',*,*,#999,.T.);
#1464=ORIENTED_EDGE('',*,*,#998,.T.);
#1465=ORIENTED_EDGE('',*,*,#996,.T.);
#1466=ORIENTED_EDGE('',*,*,#994,.T.);
#1467=ORIENTED_EDGE('',*,*,#992,.T.);
#1468=CYLINDRICAL_SURFACE('',#1594,2.);
#1469=CYLINDRICAL_SURFACE('',#1633,2.);
#1470=CYLINDRICAL_SURFACE('',#1636,2.);
#1471=CYLINDRICAL_SURFACE('',#1638,2.);
#1472=CYLINDRICAL_SURFACE('',#1640,0.5);
#1473=CYLINDRICAL_SURFACE('',#1643,0.5);
#1474=CYLINDRICAL_SURFACE('',#1646,0.5);
#1475=CYLINDRICAL_SURFACE('',#1649,0.5);
#1476=CYLINDRICAL_SURFACE('',#1652,0.5);
#1477=CYLINDRICAL_SURFACE('',#1655,0.5);
#1478=CYLINDRICAL_SURFACE('',#1658,0.5);
#1479=CYLINDRICAL_SURFACE('',#1661,0.5);
#1480=CYLINDRICAL_SURFACE('',#1664,0.5);
#1481=CYLINDRICAL_SURFACE('',#1667,0.5);
#1482=CYLINDRICAL_SURFACE('',#1670,0.5);
#1483=CYLINDRICAL_SURFACE('',#1673,0.5);
#1484=CYLINDRICAL_SURFACE('',#1676,0.5);
#1485=CYLINDRICAL_SURFACE('',#1679,0.5);
#1486=CYLINDRICAL_SURFACE('',#1682,0.5);
#1487=CYLINDRICAL_SURFACE('',#1685,0.5);
#1488=CYLINDRICAL_SURFACE('',#1688,0.5);
#1489=CYLINDRICAL_SURFACE('',#1691,0.5);
#1490=CYLINDRICAL_SURFACE('',#1694,0.5);
#1491=CYLINDRICAL_SURFACE('',#1697,0.5);
#1492=CYLINDRICAL_SURFACE('',#1700,0.5);
#1493=CYLINDRICAL_SURFACE('',#1703,0.5);
#1494=CYLINDRICAL_SURFACE('',#1706,0.5);
#1495=CYLINDRICAL_SURFACE('',#1709,0.5);
#1496=CYLINDRICAL_SURFACE('',#1712,0.5);
#1497=CYLINDRICAL_SURFACE('',#1715,0.5);
#1498=CYLINDRICAL_SURFACE('',#1718,0.5);
#1499=CYLINDRICAL_SURFACE('',#1725,1.26449999999998);
#1500=CYLINDRICAL_SURFACE('',#1727,1.26449999999998);
#1501=CYLINDRICAL_SURFACE('',#1729,1.26449999999998);
#1502=CYLINDRICAL_SURFACE('',#1735,1.26449999999998);
#1503=ADVANCED_FACE('',(#83),#1468,.T.);
#1504=ADVANCED_FACE('',(#84),#41,.T.);
#1505=ADVANCED_FACE('',(#85,#15,#16,#17,#18,#19,#20,#21,#22,#23,#24,#25,
#26,#27),#42,.F.);
#1506=ADVANCED_FACE('',(#86),#1469,.T.);
#1507=ADVANCED_FACE('',(#87),#43,.T.);
#1508=ADVANCED_FACE('',(#88),#1470,.T.);
#1509=ADVANCED_FACE('',(#89),#1471,.T.);
#1510=ADVANCED_FACE('',(#90),#1472,.F.);
#1511=ADVANCED_FACE('',(#91),#44,.T.);
#1512=ADVANCED_FACE('',(#92),#1473,.F.);
#1513=ADVANCED_FACE('',(#93),#45,.T.);
#1514=ADVANCED_FACE('',(#94),#1474,.F.);
#1515=ADVANCED_FACE('',(#95),#46,.T.);
#1516=ADVANCED_FACE('',(#96),#1475,.F.);
#1517=ADVANCED_FACE('',(#97),#47,.T.);
#1518=ADVANCED_FACE('',(#98),#1476,.F.);
#1519=ADVANCED_FACE('',(#99),#48,.T.);
#1520=ADVANCED_FACE('',(#100),#1477,.F.);
#1521=ADVANCED_FACE('',(#101),#49,.T.);
#1522=ADVANCED_FACE('',(#102),#1478,.F.);
#1523=ADVANCED_FACE('',(#103),#50,.T.);
#1524=ADVANCED_FACE('',(#104),#1479,.F.);
#1525=ADVANCED_FACE('',(#105),#51,.T.);
#1526=ADVANCED_FACE('',(#106),#1480,.F.);
#1527=ADVANCED_FACE('',(#107),#52,.T.);
#1528=ADVANCED_FACE('',(#108),#1481,.F.);
#1529=ADVANCED_FACE('',(#109),#53,.T.);
#1530=ADVANCED_FACE('',(#110),#1482,.F.);
#1531=ADVANCED_FACE('',(#111),#54,.T.);
#1532=ADVANCED_FACE('',(#112),#1483,.F.);
#1533=ADVANCED_FACE('',(#113),#55,.T.);
#1534=ADVANCED_FACE('',(#114),#1484,.F.);
#1535=ADVANCED_FACE('',(#115),#56,.T.);
#1536=ADVANCED_FACE('',(#116),#1485,.F.);
#1537=ADVANCED_FACE('',(#117),#57,.T.);
#1538=ADVANCED_FACE('',(#118),#1486,.F.);
#1539=ADVANCED_FACE('',(#119),#58,.T.);
#1540=ADVANCED_FACE('',(#120),#1487,.F.);
#1541=ADVANCED_FACE('',(#121),#59,.T.);
#1542=ADVANCED_FACE('',(#122),#1488,.F.);
#1543=ADVANCED_FACE('',(#123),#60,.T.);
#1544=ADVANCED_FACE('',(#124),#1489,.F.);
#1545=ADVANCED_FACE('',(#125),#61,.T.);
#1546=ADVANCED_FACE('',(#126),#1490,.F.);
#1547=ADVANCED_FACE('',(#127),#62,.T.);
#1548=ADVANCED_FACE('',(#128),#1491,.F.);
#1549=ADVANCED_FACE('',(#129),#63,.T.);
#1550=ADVANCED_FACE('',(#130),#1492,.F.);
#1551=ADVANCED_FACE('',(#131),#64,.T.);
#1552=ADVANCED_FACE('',(#132),#1493,.F.);
#1553=ADVANCED_FACE('',(#133),#65,.T.);
#1554=ADVANCED_FACE('',(#134),#1494,.F.);
#1555=ADVANCED_FACE('',(#135),#66,.T.);
#1556=ADVANCED_FACE('',(#136),#1495,.F.);
#1557=ADVANCED_FACE('',(#137),#67,.T.);
#1558=ADVANCED_FACE('',(#138),#1496,.F.);
#1559=ADVANCED_FACE('',(#139),#68,.T.);
#1560=ADVANCED_FACE('',(#140),#1497,.F.);
#1561=ADVANCED_FACE('',(#141),#69,.T.);
#1562=ADVANCED_FACE('',(#142),#1498,.F.);
#1563=ADVANCED_FACE('',(#143),#70,.T.);
#1564=ADVANCED_FACE('',(#144),#71,.T.);
#1565=ADVANCED_FACE('',(#145),#72,.T.);
#1566=ADVANCED_FACE('',(#146),#73,.T.);
#1567=ADVANCED_FACE('',(#147),#74,.T.);
#1568=ADVANCED_FACE('',(#148),#1499,.F.);
#1569=ADVANCED_FACE('',(#149),#1500,.F.);
#1570=ADVANCED_FACE('',(#150),#1501,.F.);
#1571=ADVANCED_FACE('',(#151),#75,.T.);
#1572=ADVANCED_FACE('',(#152),#76,.T.);
#1573=ADVANCED_FACE('',(#153),#77,.T.);
#1574=ADVANCED_FACE('',(#154),#78,.T.);
#1575=ADVANCED_FACE('',(#155),#1502,.F.);
#1576=ADVANCED_FACE('',(#156),#79,.T.);
#1577=ADVANCED_FACE('',(#157),#80,.T.);
#1578=ADVANCED_FACE('',(#158),#81,.T.);
#1579=ADVANCED_FACE('',(#159,#28,#29,#30,#31,#32,#33,#34,#35,#36,#37,#38,
#39,#40),#82,.T.);
#1580=CLOSED_SHELL('',(#1503,#1504,#1505,#1506,#1507,#1508,#1509,#1510,
#1511,#1512,#1513,#1514,#1515,#1516,#1517,#1518,#1519,#1520,#1521,#1522,
#1523,#1524,#1525,#1526,#1527,#1528,#1529,#1530,#1531,#1532,#1533,#1534,
#1535,#1536,#1537,#1538,#1539,#1540,#1541,#1542,#1543,#1544,#1545,#1546,
#1547,#1548,#1549,#1550,#1551,#1552,#1553,#1554,#1555,#1556,#1557,#1558,
#1559,#1560,#1561,#1562,#1563,#1564,#1565,#1566,#1567,#1568,#1569,#1570,
#1571,#1572,#1573,#1574,#1575,#1576,#1577,#1578,#1579));
#1581=DERIVED_UNIT_ELEMENT(#1583,1.);
#1582=DERIVED_UNIT_ELEMENT(#2650,-3.);
#1583=(
MASS_UNIT()
NAMED_UNIT(*)
SI_UNIT(.KILO.,.GRAM.)
);
#1584=DERIVED_UNIT((#1581,#1582));
#1585=MEASURE_REPRESENTATION_ITEM('density measure',
POSITIVE_RATIO_MEASURE(7850.),#1584);
#1586=PROPERTY_DEFINITION_REPRESENTATION(#1591,#1588);
#1587=PROPERTY_DEFINITION_REPRESENTATION(#1592,#1589);
#1588=REPRESENTATION('material name',(#1590),#2647);
#1589=REPRESENTATION('density',(#1585),#2647);
#1590=DESCRIPTIVE_REPRESENTATION_ITEM('Steel','Steel');
#1591=PROPERTY_DEFINITION('material property','material name',#2657);
#1592=PROPERTY_DEFINITION('material property','density of part',#2657);
#1593=AXIS2_PLACEMENT_3D('',#2192,#1741,#1742);
#1594=AXIS2_PLACEMENT_3D('',#2193,#1743,#1744);
#1595=AXIS2_PLACEMENT_3D('',#2196,#1745,#1746);
#1596=AXIS2_PLACEMENT_3D('',#2200,#1748,#1749);
#1597=AXIS2_PLACEMENT_3D('',#2202,#1751,#1752);
#1598=AXIS2_PLACEMENT_3D('',#2208,#1756,#1757);
#1599=AXIS2_PLACEMENT_3D('',#2212,#1759,#1760);
#1600=AXIS2_PLACEMENT_3D('',#2216,#1762,#1763);
#1601=AXIS2_PLACEMENT_3D('',#2219,#1765,#1766);
#1602=AXIS2_PLACEMENT_3D('',#2226,#1769,#1770);
#1603=AXIS2_PLACEMENT_3D('',#2230,#1772,#1773);
#1604=AXIS2_PLACEMENT_3D('',#2233,#1775,#1776);
#1605=AXIS2_PLACEMENT_3D('',#2236,#1777,#1778);
#1606=AXIS2_PLACEMENT_3D('',#2240,#1780,#1781);
#1607=AXIS2_PLACEMENT_3D('',#2244,#1783,#1784);
#1608=AXIS2_PLACEMENT_3D('',#2248,#1786,#1787);
#1609=AXIS2_PLACEMENT_3D('',#2251,#1789,#1790);
#1610=AXIS2_PLACEMENT_3D('',#2262,#1795,#1796);
#1611=AXIS2_PLACEMENT_3D('',#2266,#1798,#1799);
#1612=AXIS2_PLACEMENT_3D('',#2270,#1801,#1802);
#1613=AXIS2_PLACEMENT_3D('',#2274,#1804,#1805);
#1614=AXIS2_PLACEMENT_3D('',#2278,#1807,#1808);
#1615=AXIS2_PLACEMENT_3D('',#2282,#1810,#1811);
#1616=AXIS2_PLACEMENT_3D('',#2286,#1813,#1814);
#1617=AXIS2_PLACEMENT_3D('',#2290,#1816,#1817);
#1618=AXIS2_PLACEMENT_3D('',#2293,#1819,#1820);
#1619=AXIS2_PLACEMENT_3D('',#2295,#1821,#1822);
#1620=AXIS2_PLACEMENT_3D('',#2298,#1823,#1824);
#1621=AXIS2_PLACEMENT_3D('',#2302,#1826,#1827);
#1622=AXIS2_PLACEMENT_3D('',#2306,#1829,#1830);
#1623=AXIS2_PLACEMENT_3D('',#2310,#1832,#1833);
#1624=AXIS2_PLACEMENT_3D('',#2314,#1835,#1836);
#1625=AXIS2_PLACEMENT_3D('',#2318,#1838,#1839);
#1626=AXIS2_PLACEMENT_3D('',#2322,#1841,#1842);
#1627=AXIS2_PLACEMENT_3D('',#2326,#1844,#1845);
#1628=AXIS2_PLACEMENT_3D('',#2330,#1847,#1848);
#1629=AXIS2_PLACEMENT_3D('',#2334,#1850,#1851);
#1630=AXIS2_PLACEMENT_3D('',#2338,#1853,#1854);
#1631=AXIS2_PLACEMENT_3D('',#2342,#1856,#1857);
#1632=AXIS2_PLACEMENT_3D('',#2345,#1859,#1860);
#1633=AXIS2_PLACEMENT_3D('',#2354,#1865,#1866);
#1634=AXIS2_PLACEMENT_3D('',#2357,#1867,#1868);
#1635=AXIS2_PLACEMENT_3D('',#2360,#1871,#1872);
#1636=AXIS2_PLACEMENT_3D('',#2364,#1875,#1876);
#1637=AXIS2_PLACEMENT_3D('',#2366,#1877,#1878);
#1638=AXIS2_PLACEMENT_3D('',#2368,#1880,#1881);
#1639=AXIS2_PLACEMENT_3D('',#2370,#1882,#1883);
#1640=AXIS2_PLACEMENT_3D('',#2372,#1885,#1886);
#1641=AXIS2_PLACEMENT_3D('',#2376,#1888,#1889);
#1642=AXIS2_PLACEMENT_3D('',#2378,#1891,#1892);
#1643=AXIS2_PLACEMENT_3D('',#2382,#1895,#1896);
#1644=AXIS2_PLACEMENT_3D('',#2386,#1898,#1899);
#1645=AXIS2_PLACEMENT_3D('',#2388,#1901,#1902);
#1646=AXIS2_PLACEMENT_3D('',#2392,#1905,#1906);
#1647=AXIS2_PLACEMENT_3D('',#2396,#1908,#1909);
#1648=AXIS2_PLACEMENT_3D('',#2398,#1911,#1912);
#1649=AXIS2_PLACEMENT_3D('',#2402,#1915,#1916);
#1650=AXIS2_PLACEMENT_3D('',#2405,#1918,#1919);
#1651=AXIS2_PLACEMENT_3D('',#2406,#1920,#1921);
#1652=AXIS2_PLACEMENT_3D('',#2410,#1924,#1925);
#1653=AXIS2_PLACEMENT_3D('',#2413,#1927,#1928);
#1654=AXIS2_PLACEMENT_3D('',#2414,#1929,#1930);
#1655=AXIS2_PLACEMENT_3D('',#2418,#1933,#1934);
#1656=AXIS2_PLACEMENT_3D('',#2421,#1936,#1937);
#1657=AXIS2_PLACEMENT_3D('',#2422,#1938,#1939);
#1658=AXIS2_PLACEMENT_3D('',#2426,#1942,#1943);
#1659=AXIS2_PLACEMENT_3D('',#2429,#1945,#1946);
#1660=AXIS2_PLACEMENT_3D('',#2430,#1947,#1948);
#1661=AXIS2_PLACEMENT_3D('',#2434,#1951,#1952);
#1662=AXIS2_PLACEMENT_3D('',#2437,#1954,#1955);
#1663=AXIS2_PLACEMENT_3D('',#2438,#1956,#1957);
#1664=AXIS2_PLACEMENT_3D('',#2442,#1960,#1961);
#1665=AXIS2_PLACEMENT_3D('',#2445,#1963,#1964);
#1666=AXIS2_PLACEMENT_3D('',#2446,#1965,#1966);
#1667=AXIS2_PLACEMENT_3D('',#2450,#1969,#1970);
#1668=AXIS2_PLACEMENT_3D('',#2453,#1972,#1973);
#1669=AXIS2_PLACEMENT_3D('',#2454,#1974,#1975);
#1670=AXIS2_PLACEMENT_3D('',#2456,#1977,#1978);
#1671=AXIS2_PLACEMENT_3D('',#2459,#1980,#1981);
#1672=AXIS2_PLACEMENT_3D('',#2460,#1982,#1983);
#1673=AXIS2_PLACEMENT_3D('',#2462,#1985,#1986);
#1674=AXIS2_PLACEMENT_3D('',#2465,#1988,#1989);
#1675=AXIS2_PLACEMENT_3D('',#2466,#1990,#1991);
#1676=AXIS2_PLACEMENT_3D('',#2468,#1993,#1994);
#1677=AXIS2_PLACEMENT_3D('',#2472,#1996,#1997);
#1678=AXIS2_PLACEMENT_3D('',#2474,#1999,#2000);
#1679=AXIS2_PLACEMENT_3D('',#2478,#2003,#2004);
#1680=AXIS2_PLACEMENT_3D('',#2481,#2006,#2007);
#1681=AXIS2_PLACEMENT_3D('',#2482,#2008,#2009);
#1682=AXIS2_PLACEMENT_3D('',#2486,#2012,#2013);
#1683=AXIS2_PLACEMENT_3D('',#2489,#2015,#2016);
#1684=AXIS2_PLACEMENT_3D('',#2490,#2017,#2018);
#1685=AXIS2_PLACEMENT_3D('',#2494,#2021,#2022);
#1686=AXIS2_PLACEMENT_3D('',#2497,#2024,#2025);
#1687=AXIS2_PLACEMENT_3D('',#2498,#2026,#2027);
#1688=AXIS2_PLACEMENT_3D('',#2500,#2029,#2030);
#1689=AXIS2_PLACEMENT_3D('',#2504,#2032,#2033);
#1690=AXIS2_PLACEMENT_3D('',#2506,#2035,#2036);
#1691=AXIS2_PLACEMENT_3D('',#2510,#2039,#2040);
#1692=AXIS2_PLACEMENT_3D('',#2514,#2042,#2043);
#1693=AXIS2_PLACEMENT_3D('',#2516,#2045,#2046);
#1694=AXIS2_PLACEMENT_3D('',#2520,#2049,#2050);
#1695=AXIS2_PLACEMENT_3D('',#2523,#2052,#2053);
#1696=AXIS2_PLACEMENT_3D('',#2524,#2054,#2055);
#1697=AXIS2_PLACEMENT_3D('',#2528,#2058,#2059);
#1698=AXIS2_PLACEMENT_3D('',#2532,#2061,#2062);
#1699=AXIS2_PLACEMENT_3D('',#2534,#2064,#2065);
#1700=AXIS2_PLACEMENT_3D('',#2538,#2068,#2069);
#1701=AXIS2_PLACEMENT_3D('',#2541,#2071,#2072);
#1702=AXIS2_PLACEMENT_3D('',#2542,#2073,#2074);
#1703=AXIS2_PLACEMENT_3D('',#2546,#2077,#2078);
#1704=AXIS2_PLACEMENT_3D('',#2549,#2080,#2081);
#1705=AXIS2_PLACEMENT_3D('',#2550,#2082,#2083);
#1706=AXIS2_PLACEMENT_3D('',#2554,#2086,#2087);
#1707=AXIS2_PLACEMENT_3D('',#2557,#2089,#2090);
#1708=AXIS2_PLACEMENT_3D('',#2558,#2091,#2092);
#1709=AXIS2_PLACEMENT_3D('',#2560,#2094,#2095);
#1710=AXIS2_PLACEMENT_3D('',#2563,#2097,#2098);
#1711=AXIS2_PLACEMENT_3D('',#2564,#2099,#2100);
#1712=AXIS2_PLACEMENT_3D('',#2568,#2103,#2104);
#1713=AXIS2_PLACEMENT_3D('',#2571,#2106,#2107);
#1714=AXIS2_PLACEMENT_3D('',#2572,#2108,#2109);
#1715=AXIS2_PLACEMENT_3D('',#2576,#2112,#2113);
#1716=AXIS2_PLACEMENT_3D('',#2579,#2115,#2116);
#1717=AXIS2_PLACEMENT_3D('',#2580,#2117,#2118);
#1718=AXIS2_PLACEMENT_3D('',#2584,#2121,#2122);
#1719=AXIS2_PLACEMENT_3D('',#2587,#2124,#2125);
#1720=AXIS2_PLACEMENT_3D('',#2588,#2126,#2127);
#1721=AXIS2_PLACEMENT_3D('',#2590,#2129,#2130);
#1722=AXIS2_PLACEMENT_3D('',#2596,#2134,#2135);
#1723=AXIS2_PLACEMENT_3D('',#2600,#2138,#2139);
#1724=AXIS2_PLACEMENT_3D('',#2604,#2142,#2143);
#1725=AXIS2_PLACEMENT_3D('',#2606,#2145,#2146);
#1726=AXIS2_PLACEMENT_3D('',#2608,#2147,#2148);
#1727=AXIS2_PLACEMENT_3D('',#2610,#2150,#2151);
#1728=AXIS2_PLACEMENT_3D('',#2612,#2152,#2153);
#1729=AXIS2_PLACEMENT_3D('',#2614,#2155,#2156);
#1730=AXIS2_PLACEMENT_3D('',#2616,#2157,#2158);
#1731=AXIS2_PLACEMENT_3D('',#2618,#2160,#2161);
#1732=AXIS2_PLACEMENT_3D('',#2624,#2165,#2166);
#1733=AXIS2_PLACEMENT_3D('',#2628,#2169,#2170);
#1734=AXIS2_PLACEMENT_3D('',#2632,#2173,#2174);
#1735=AXIS2_PLACEMENT_3D('',#2634,#2176,#2177);
#1736=AXIS2_PLACEMENT_3D('',#2636,#2178,#2179);
#1737=AXIS2_PLACEMENT_3D('',#2638,#2181,#2182);
#1738=AXIS2_PLACEMENT_3D('',#2640,#2184,#2185);
#1739=AXIS2_PLACEMENT_3D('',#2642,#2187,#2188);
#1740=AXIS2_PLACEMENT_3D('',#2644,#2190,#2191);
#1741=DIRECTION('axis',(0.,0.,1.));
#1742=DIRECTION('refdir',(1.,0.,0.));
#1743=DIRECTION('center_axis',(0.,0.,1.));
#1744=DIRECTION('ref_axis',(-0.707106781186538,-0.707106781186557,0.));
#1745=DIRECTION('center_axis',(0.,0.,-1.));
#1746=DIRECTION('ref_axis',(-0.707106781186538,-0.707106781186557,0.));
#1747=DIRECTION('',(0.,0.,-1.));
#1748=DIRECTION('center_axis',(0.,0.,1.));
#1749=DIRECTION('ref_axis',(-0.707106781186538,-0.707106781186557,0.));
#1750=DIRECTION('',(0.,0.,1.));
#1751=DIRECTION('center_axis',(4.21884749357559E-15,-1.,0.));
#1752=DIRECTION('ref_axis',(1.,4.21884749357559E-15,0.));
#1753=DIRECTION('',(-1.,-4.21884749357559E-15,0.));
#1754=DIRECTION('',(0.,0.,-1.));
#1755=DIRECTION('',(1.,4.21884749357559E-15,0.));
#1756=DIRECTION('center_axis',(0.,0.,1.));
#1757=DIRECTION('ref_axis',(-1.,-4.21884749357559E-15,0.));
#1758=DIRECTION('',(-4.21884749357559E-15,1.,0.));
#1759=DIRECTION('center_axis',(0.,0.,1.));
#1760=DIRECTION('ref_axis',(-0.707106781186544,0.707106781186551,0.));
#1761=DIRECTION('',(1.,4.21884749357559E-15,0.));
#1762=DIRECTION('center_axis',(0.,0.,1.));
#1763=DIRECTION('ref_axis',(0.707106781186548,0.707106781186548,0.));
#1764=DIRECTION('',(4.21884749357559E-15,-1.,0.));
#1765=DIRECTION('center_axis',(0.,0.,1.));
#1766=DIRECTION('ref_axis',(0.707106781186548,-0.707106781186548,0.));
#1767=DIRECTION('',(1.,4.21884749357559E-15,0.));
#1768=DIRECTION('',(-4.21884749357559E-15,1.,0.));
#1769=DIRECTION('center_axis',(0.,0.,-1.));
#1770=DIRECTION('ref_axis',(-0.707106781186573,-0.707106781186522,0.));
#1771=DIRECTION('',(-1.,-4.21884749357559E-15,0.));
#1772=DIRECTION('center_axis',(0.,0.,-1.));
#1773=DIRECTION('ref_axis',(0.707106781186548,-0.707106781186548,0.));
#1774=DIRECTION('',(4.21884749357559E-15,-1.,0.));
#1775=DIRECTION('center_axis',(0.,0.,-1.));
#1776=DIRECTION('ref_axis',(0.707106781186573,0.707106781186522,0.));
#1777=DIRECTION('center_axis',(0.,0.,-1.));
#1778=DIRECTION('ref_axis',(0.707106781186573,0.707106781186523,0.));
#1779=DIRECTION('',(1.,4.21884749357559E-15,0.));
#1780=DIRECTION('center_axis',(0.,0.,-1.));
#1781=DIRECTION('ref_axis',(-0.707106781186522,0.707106781186573,0.));
#1782=DIRECTION('',(-4.21884749357559E-15,1.,0.));
#1783=DIRECTION('center_axis',(0.,0.,-1.));
#1784=DIRECTION('ref_axis',(-0.707106781186548,-0.707106781186548,0.));
#1785=DIRECTION('',(-1.,-4.21884749357559E-15,0.));
#1786=DIRECTION('center_axis',(0.,0.,-1.));
#1787=DIRECTION('ref_axis',(0.707106781186573,-0.707106781186523,0.));
#1788=DIRECTION('',(4.21884749357559E-15,-1.,0.));
#1789=DIRECTION('center_axis',(0.,0.,-1.));
#1790=DIRECTION('ref_axis',(-1.,-4.21884749357559E-15,0.));
#1791=DIRECTION('',(-1.,-4.21884749357559E-15,0.));
#1792=DIRECTION('',(4.21884749357559E-15,-1.,0.));
#1793=DIRECTION('',(1.,4.21884749357559E-15,0.));
#1794=DIRECTION('',(-4.21884749357559E-15,1.,0.));
#1795=DIRECTION('center_axis',(0.,0.,-1.));
#1796=DIRECTION('ref_axis',(0.707106781186548,0.707106781186548,0.));
#1797=DIRECTION('',(1.,4.21884749357559E-15,0.));
#1798=DIRECTION('center_axis',(0.,0.,-1.));
#1799=DIRECTION('ref_axis',(-0.707106781186548,0.707106781186548,0.));
#1800=DIRECTION('',(-4.21884749357559E-15,1.,0.));
#1801=DIRECTION('center_axis',(0.,0.,-1.));
#1802=DIRECTION('ref_axis',(-0.707106781186548,-0.707106781186548,0.));
#1803=DIRECTION('',(-1.,-4.21884749357559E-15,0.));
#1804=DIRECTION('center_axis',(0.,0.,-1.));
#1805=DIRECTION('ref_axis',(0.707106781186548,-0.707106781186548,0.));
#1806=DIRECTION('',(4.21884749357559E-15,-1.,0.));
#1807=DIRECTION('center_axis',(0.,0.,-1.));
#1808=DIRECTION('ref_axis',(0.707106781186573,-0.707106781186523,0.));
#1809=DIRECTION('',(4.21884749357559E-15,-1.,0.));
#1810=DIRECTION('center_axis',(0.,0.,-1.));
#1811=DIRECTION('ref_axis',(0.707106781186598,0.707106781186497,0.));
#1812=DIRECTION('',(1.,4.21884749357559E-15,0.));
#1813=DIRECTION('center_axis',(0.,0.,-1.));
#1814=DIRECTION('ref_axis',(-0.707106781186548,0.707106781186548,0.));
#1815=DIRECTION('',(-4.21884749357559E-15,1.,0.));
#1816=DIRECTION('center_axis',(0.,0.,-1.));
#1817=DIRECTION('ref_axis',(-0.707106781186573,-0.707106781186522,0.));
#1818=DIRECTION('',(-1.,-4.21884749357559E-15,0.));
#1819=DIRECTION('center_axis',(0.,0.,-1.));
#1820=DIRECTION('ref_axis',(-1.,-4.21884749357559E-15,0.));
#1821=DIRECTION('center_axis',(0.,0.,-1.));
#1822=DIRECTION('ref_axis',(-1.,-4.21884749357559E-15,0.));
#1823=DIRECTION('center_axis',(0.,0.,-1.));
#1824=DIRECTION('ref_axis',(0.707106781186548,0.707106781186548,0.));
#1825=DIRECTION('',(1.,4.21884749357559E-15,0.));
#1826=DIRECTION('center_axis',(0.,0.,-1.));
#1827=DIRECTION('ref_axis',(-0.707106781186548,0.707106781186548,0.));
#1828=DIRECTION('',(-4.21884749357559E-15,1.,0.));
#1829=DIRECTION('center_axis',(0.,0.,-1.));
#1830=DIRECTION('ref_axis',(-0.707106781186548,-0.707106781186548,0.));
#1831=DIRECTION('',(-1.,-4.21884749357559E-15,0.));
#1832=DIRECTION('center_axis',(0.,0.,-1.));
#1833=DIRECTION('ref_axis',(0.707106781186548,-0.707106781186548,0.));
#1834=DIRECTION('',(4.21884749357559E-15,-1.,0.));
#1835=DIRECTION('center_axis',(0.,0.,-1.));
#1836=DIRECTION('ref_axis',(0.707106781186548,-0.707106781186548,0.));
#1837=DIRECTION('',(4.21884749357559E-15,-1.,0.));
#1838=DIRECTION('center_axis',(0.,0.,-1.));
#1839=DIRECTION('ref_axis',(0.707106781186573,0.707106781186522,0.));
#1840=DIRECTION('',(1.,4.21884749357559E-15,0.));
#1841=DIRECTION('center_axis',(0.,0.,-1.));
#1842=DIRECTION('ref_axis',(-0.707106781186548,0.707106781186548,0.));
#1843=DIRECTION('',(-4.21884749357559E-15,1.,0.));
#1844=DIRECTION('center_axis',(0.,0.,-1.));
#1845=DIRECTION('ref_axis',(-0.707106781186573,-0.707106781186522,0.));
#1846=DIRECTION('',(-1.,-4.21884749357559E-15,0.));
#1847=DIRECTION('center_axis',(0.,0.,-1.));
#1848=DIRECTION('ref_axis',(0.707106781186573,-0.707106781186523,0.));
#1849=DIRECTION('',(4.21884749357559E-15,-1.,0.));
#1850=DIRECTION('center_axis',(0.,0.,-1.));
#1851=DIRECTION('ref_axis',(0.707106781186598,0.707106781186497,0.));
#1852=DIRECTION('',(1.,4.21884749357559E-15,0.));
#1853=DIRECTION('center_axis',(0.,0.,-1.));
#1854=DIRECTION('ref_axis',(-0.707106781186548,0.707106781186548,0.));
#1855=DIRECTION('',(-4.21884749357559E-15,1.,0.));
#1856=DIRECTION('center_axis',(0.,0.,-1.));
#1857=DIRECTION('ref_axis',(-0.707106781186573,-0.707106781186522,0.));
#1858=DIRECTION('',(-1.,-4.21884749357559E-15,0.));
#1859=DIRECTION('center_axis',(0.,0.,-1.));
#1860=DIRECTION('ref_axis',(-1.,-4.21884749357559E-15,0.));
#1861=DIRECTION('',(-4.21884749357559E-15,1.,0.));
#1862=DIRECTION('',(-1.,-4.21884749357559E-15,0.));
#1863=DIRECTION('',(4.21884749357559E-15,-1.,0.));
#1864=DIRECTION('',(1.,4.21884749357559E-15,0.));
#1865=DIRECTION('center_axis',(0.,0.,1.));
#1866=DIRECTION('ref_axis',(-0.707106781186544,0.707106781186551,0.));
#1867=DIRECTION('center_axis',(0.,0.,-1.));
#1868=DIRECTION('ref_axis',(-0.707106781186544,0.707106781186551,0.));
#1869=DIRECTION('',(0.,0.,-1.));
#1870=DIRECTION('',(0.,0.,1.));
#1871=DIRECTION('center_axis',(-4.21884749357559E-15,1.,0.));
#1872=DIRECTION('ref_axis',(-1.,-4.21884749357559E-15,0.));
#1873=DIRECTION('',(-1.,-4.21884749357559E-15,0.));
#1874=DIRECTION('',(0.,0.,1.));
#1875=DIRECTION('center_axis',(0.,0.,1.));
#1876=DIRECTION('ref_axis',(0.707106781186548,0.707106781186548,0.));
#1877=DIRECTION('center_axis',(0.,0.,-1.));
#1878=DIRECTION('ref_axis',(0.707106781186548,0.707106781186548,0.));
#1879=DIRECTION('',(0.,0.,-1.));
#1880=DIRECTION('center_axis',(0.,0.,1.));
#1881=DIRECTION('ref_axis',(0.707106781186548,-0.707106781186548,0.));
#1882=DIRECTION('center_axis',(0.,0.,-1.));
#1883=DIRECTION('ref_axis',(0.707106781186548,-0.707106781186548,0.));
#1884=DIRECTION('',(0.,0.,1.));
#1885=DIRECTION('center_axis',(0.,0.,1.));
#1886=DIRECTION('ref_axis',(0.707106781186573,-0.707106781186523,0.));
#1887=DIRECTION('',(0.,0.,1.));
#1888=DIRECTION('center_axis',(0.,0.,1.));
#1889=DIRECTION('ref_axis',(0.707106781186573,-0.707106781186523,0.));
#1890=DIRECTION('',(0.,0.,-1.));
#1891=DIRECTION('center_axis',(-4.21884749357559E-15,1.,0.));
#1892=DIRECTION('ref_axis',(-1.,-4.21884749357559E-15,0.));
#1893=DIRECTION('',(0.,0.,-1.));
#1894=DIRECTION('',(-1.,-4.21884749357559E-15,0.));
#1895=DIRECTION('center_axis',(0.,0.,1.));
#1896=DIRECTION('ref_axis',(0.707106781186573,-0.707106781186523,0.));
#1897=DIRECTION('',(0.,0.,1.));
#1898=DIRECTION('center_axis',(0.,0.,1.));
#1899=DIRECTION('ref_axis',(0.707106781186573,-0.707106781186523,0.));
#1900=DIRECTION('',(0.,0.,-1.));
#1901=DIRECTION('center_axis',(-4.21884749357559E-15,1.,0.));
#1902=DIRECTION('ref_axis',(-1.,-4.21884749357559E-15,0.));
#1903=DIRECTION('',(0.,0.,-1.));
#1904=DIRECTION('',(-1.,-4.21884749357559E-15,0.));
#1905=DIRECTION('center_axis',(0.,0.,1.));
#1906=DIRECTION('ref_axis',(0.707106781186573,-0.707106781186523,0.));
#1907=DIRECTION('',(0.,0.,1.));
#1908=DIRECTION('center_axis',(0.,0.,1.));
#1909=DIRECTION('ref_axis',(0.707106781186573,-0.707106781186523,0.));
#1910=DIRECTION('',(0.,0.,-1.));
#1911=DIRECTION('center_axis',(-4.21884749357559E-15,1.,0.));
#1912=DIRECTION('ref_axis',(-1.,-4.21884749357559E-15,0.));
#1913=DIRECTION('',(0.,0.,-1.));
#1914=DIRECTION('',(-1.,-4.21884749357559E-15,0.));
#1915=DIRECTION('center_axis',(0.,0.,1.));
#1916=DIRECTION('ref_axis',(-0.707106781186573,-0.707106781186522,0.));
#1917=DIRECTION('',(0.,0.,1.));
#1918=DIRECTION('center_axis',(0.,0.,1.));
#1919=DIRECTION('ref_axis',(-0.707106781186573,-0.707106781186522,0.));
#1920=DIRECTION('center_axis',(1.,4.21884749357559E-15,0.));
#1921=DIRECTION('ref_axis',(-4.21884749357559E-15,1.,0.));
#1922=DIRECTION('',(0.,0.,-1.));
#1923=DIRECTION('',(-4.21884749357559E-15,1.,0.));
#1924=DIRECTION('center_axis',(0.,0.,1.));
#1925=DIRECTION('ref_axis',(-0.707106781186548,-0.707106781186548,0.));
#1926=DIRECTION('',(0.,0.,1.));
#1927=DIRECTION('center_axis',(0.,0.,1.));
#1928=DIRECTION('ref_axis',(-0.707106781186548,-0.707106781186548,0.));
#1929=DIRECTION('center_axis',(1.,4.21884749357559E-15,0.));
#1930=DIRECTION('ref_axis',(-4.21884749357559E-15,1.,0.));
#1931=DIRECTION('',(0.,0.,-1.));
#1932=DIRECTION('',(-4.21884749357559E-15,1.,0.));
#1933=DIRECTION('center_axis',(0.,0.,1.));
#1934=DIRECTION('ref_axis',(-0.707106781186573,-0.707106781186522,0.));
#1935=DIRECTION('',(0.,0.,1.));
#1936=DIRECTION('center_axis',(0.,0.,1.));
#1937=DIRECTION('ref_axis',(-0.707106781186573,-0.707106781186522,0.));
#1938=DIRECTION('center_axis',(1.,4.21884749357559E-15,0.));
#1939=DIRECTION('ref_axis',(-4.21884749357559E-15,1.,0.));
#1940=DIRECTION('',(0.,0.,-1.));
#1941=DIRECTION('',(-4.21884749357559E-15,1.,0.));
#1942=DIRECTION('center_axis',(0.,0.,1.));
#1943=DIRECTION('ref_axis',(-0.707106781186548,0.707106781186548,0.));
#1944=DIRECTION('',(0.,0.,1.));
#1945=DIRECTION('center_axis',(0.,0.,1.));
#1946=DIRECTION('ref_axis',(-0.707106781186548,0.707106781186548,0.));
#1947=DIRECTION('center_axis',(4.21884749357559E-15,-1.,0.));
#1948=DIRECTION('ref_axis',(1.,4.21884749357559E-15,0.));
#1949=DIRECTION('',(0.,0.,-1.));
#1950=DIRECTION('',(1.,4.21884749357559E-15,0.));
#1951=DIRECTION('center_axis',(0.,0.,1.));
#1952=DIRECTION('ref_axis',(-0.707106781186522,0.707106781186573,0.));
#1953=DIRECTION('',(0.,0.,1.));
#1954=DIRECTION('center_axis',(0.,0.,1.));
#1955=DIRECTION('ref_axis',(-0.707106781186522,0.707106781186573,0.));
#1956=DIRECTION('center_axis',(4.21884749357559E-15,-1.,0.));
#1957=DIRECTION('ref_axis',(1.,4.21884749357559E-15,0.));
#1958=DIRECTION('',(0.,0.,-1.));
#1959=DIRECTION('',(1.,4.21884749357559E-15,0.));
#1960=DIRECTION('center_axis',(0.,0.,1.));
#1961=DIRECTION('ref_axis',(-0.707106781186548,0.707106781186548,0.));
#1962=DIRECTION('',(0.,0.,1.));
#1963=DIRECTION('center_axis',(0.,0.,1.));
#1964=DIRECTION('ref_axis',(-0.707106781186548,0.707106781186548,0.));
#1965=DIRECTION('center_axis',(4.21884749357559E-15,-1.,0.));
#1966=DIRECTION('ref_axis',(1.,4.21884749357559E-15,0.));
#1967=DIRECTION('',(0.,0.,-1.));
#1968=DIRECTION('',(1.,4.21884749357559E-15,0.));
#1969=DIRECTION('center_axis',(0.,0.,1.));
#1970=DIRECTION('ref_axis',(0.707106781186598,0.707106781186497,0.));
#1971=DIRECTION('',(0.,0.,1.));
#1972=DIRECTION('center_axis',(0.,0.,1.));
#1973=DIRECTION('ref_axis',(0.707106781186598,0.707106781186497,0.));
#1974=DIRECTION('center_axis',(-1.,-4.21884749357559E-15,0.));
#1975=DIRECTION('ref_axis',(4.21884749357559E-15,-1.,0.));
#1976=DIRECTION('',(4.21884749357559E-15,-1.,0.));
#1977=DIRECTION('center_axis',(0.,0.,1.));
#1978=DIRECTION('ref_axis',(0.707106781186573,0.707106781186523,0.));
#1979=DIRECTION('',(0.,0.,1.));
#1980=DIRECTION('center_axis',(0.,0.,1.));
#1981=DIRECTION('ref_axis',(0.707106781186573,0.707106781186523,0.));
#1982=DIRECTION('center_axis',(-1.,-4.21884749357559E-15,0.));
#1983=DIRECTION('ref_axis',(4.21884749357559E-15,-1.,0.));
#1984=DIRECTION('',(4.21884749357559E-15,-1.,0.));
#1985=DIRECTION('center_axis',(0.,0.,1.));
#1986=DIRECTION('ref_axis',(0.707106781186598,0.707106781186497,0.));
#1987=DIRECTION('',(0.,0.,1.));
#1988=DIRECTION('center_axis',(0.,0.,1.));
#1989=DIRECTION('ref_axis',(0.707106781186598,0.707106781186497,0.));
#1990=DIRECTION('center_axis',(-1.,-4.21884749357559E-15,0.));
#1991=DIRECTION('ref_axis',(4.21884749357559E-15,-1.,0.));
#1992=DIRECTION('',(4.21884749357559E-15,-1.,0.));
#1993=DIRECTION('center_axis',(0.,0.,1.));
#1994=DIRECTION('ref_axis',(-0.707106781186548,-0.707106781186548,0.));
#1995=DIRECTION('',(0.,0.,1.));
#1996=DIRECTION('center_axis',(0.,0.,1.));
#1997=DIRECTION('ref_axis',(-0.707106781186548,-0.707106781186548,0.));
#1998=DIRECTION('',(0.,0.,-1.));
#1999=DIRECTION('center_axis',(1.,4.21884749357559E-15,0.));
#2000=DIRECTION('ref_axis',(-4.21884749357559E-15,1.,0.));
#2001=DIRECTION('',(0.,0.,-1.));
#2002=DIRECTION('',(-4.21884749357559E-15,1.,0.));
#2003=DIRECTION('center_axis',(0.,0.,1.));
#2004=DIRECTION('ref_axis',(-0.707106781186548,0.707106781186548,0.));
#2005=DIRECTION('',(0.,0.,1.));
#2006=DIRECTION('center_axis',(0.,0.,1.));
#2007=DIRECTION('ref_axis',(-0.707106781186548,0.707106781186548,0.));
#2008=DIRECTION('center_axis',(4.21884749357559E-15,-1.,0.));
#2009=DIRECTION('ref_axis',(1.,4.21884749357559E-15,0.));
#2010=DIRECTION('',(0.,0.,-1.));
#2011=DIRECTION('',(1.,4.21884749357559E-15,0.));
#2012=DIRECTION('center_axis',(0.,0.,1.));
#2013=DIRECTION('ref_axis',(0.707106781186548,0.707106781186548,0.));
#2014=DIRECTION('',(0.,0.,1.));
#2015=DIRECTION('center_axis',(0.,0.,1.));
#2016=DIRECTION('ref_axis',(0.707106781186548,0.707106781186548,0.));
#2017=DIRECTION('center_axis',(-1.,-4.21884749357559E-15,0.));
#2018=DIRECTION('ref_axis',(4.21884749357559E-15,-1.,0.));
#2019=DIRECTION('',(0.,0.,-1.));
#2020=DIRECTION('',(4.21884749357559E-15,-1.,0.));
#2021=DIRECTION('center_axis',(0.,0.,1.));
#2022=DIRECTION('ref_axis',(0.707106781186548,-0.707106781186548,0.));
#2023=DIRECTION('',(0.,0.,1.));
#2024=DIRECTION('center_axis',(0.,0.,1.));
#2025=DIRECTION('ref_axis',(0.707106781186548,-0.707106781186548,0.));
#2026=DIRECTION('center_axis',(-4.21884749357559E-15,1.,0.));
#2027=DIRECTION('ref_axis',(-1.,-4.21884749357559E-15,0.));
#2028=DIRECTION('',(-1.,-4.21884749357559E-15,0.));
#2029=DIRECTION('center_axis',(0.,0.,1.));
#2030=DIRECTION('ref_axis',(0.707106781186548,-0.707106781186548,0.));
#2031=DIRECTION('',(0.,0.,1.));
#2032=DIRECTION('center_axis',(0.,0.,1.));
#2033=DIRECTION('ref_axis',(0.707106781186548,-0.707106781186548,0.));
#2034=DIRECTION('',(0.,0.,-1.));
#2035=DIRECTION('center_axis',(-4.21884749357559E-15,1.,0.));
#2036=DIRECTION('ref_axis',(-1.,-4.21884749357559E-15,0.));
#2037=DIRECTION('',(0.,0.,-1.));
#2038=DIRECTION('',(-1.,-4.21884749357559E-15,0.));
#2039=DIRECTION('center_axis',(0.,0.,1.));
#2040=DIRECTION('ref_axis',(-0.707106781186548,0.707106781186548,0.));
#2041=DIRECTION('',(0.,0.,1.));
#2042=DIRECTION('center_axis',(0.,0.,1.));
#2043=DIRECTION('ref_axis',(-0.707106781186548,0.707106781186548,0.));
#2044=DIRECTION('',(0.,0.,-1.));
#2045=DIRECTION('center_axis',(4.21884749357559E-15,-1.,0.));
#2046=DIRECTION('ref_axis',(1.,4.21884749357559E-15,0.));
#2047=DIRECTION('',(0.,0.,-1.));
#2048=DIRECTION('',(1.,4.21884749357559E-15,0.));
#2049=DIRECTION('center_axis',(0.,0.,1.));
#2050=DIRECTION('ref_axis',(0.707106781186548,0.707106781186548,0.));
#2051=DIRECTION('',(0.,0.,1.));
#2052=DIRECTION('center_axis',(0.,0.,1.));
#2053=DIRECTION('ref_axis',(0.707106781186548,0.707106781186548,0.));
#2054=DIRECTION('center_axis',(-1.,-4.21884749357559E-15,0.));
#2055=DIRECTION('ref_axis',(4.21884749357559E-15,-1.,0.));
#2056=DIRECTION('',(0.,0.,-1.));
#2057=DIRECTION('',(4.21884749357559E-15,-1.,0.));
#2058=DIRECTION('center_axis',(0.,0.,1.));
#2059=DIRECTION('ref_axis',(0.707106781186573,0.707106781186522,0.));
#2060=DIRECTION('',(0.,0.,1.));
#2061=DIRECTION('center_axis',(0.,0.,1.));
#2062=DIRECTION('ref_axis',(0.707106781186573,0.707106781186522,0.));
#2063=DIRECTION('',(0.,0.,-1.));
#2064=DIRECTION('center_axis',(-1.,-4.21884749357559E-15,0.));
#2065=DIRECTION('ref_axis',(4.21884749357559E-15,-1.,0.));
#2066=DIRECTION('',(0.,0.,-1.));
#2067=DIRECTION('',(4.21884749357559E-15,-1.,0.));
#2068=DIRECTION('center_axis',(0.,0.,1.));
#2069=DIRECTION('ref_axis',(0.707106781186548,-0.707106781186548,0.));
#2070=DIRECTION('',(0.,0.,1.));
#2071=DIRECTION('center_axis',(0.,0.,1.));
#2072=DIRECTION('ref_axis',(0.707106781186548,-0.707106781186548,0.));
#2073=DIRECTION('center_axis',(-4.21884749357559E-15,1.,0.));
#2074=DIRECTION('ref_axis',(-1.,-4.21884749357559E-15,0.));
#2075=DIRECTION('',(0.,0.,-1.));
#2076=DIRECTION('',(-1.,-4.21884749357559E-15,0.));
#2077=DIRECTION('center_axis',(0.,0.,1.));
#2078=DIRECTION('ref_axis',(0.707106781186548,-0.707106781186548,0.));
#2079=DIRECTION('',(0.,0.,1.));
#2080=DIRECTION('center_axis',(0.,0.,1.));
#2081=DIRECTION('ref_axis',(0.707106781186548,-0.707106781186548,0.));
#2082=DIRECTION('center_axis',(-4.21884749357559E-15,1.,0.));
#2083=DIRECTION('ref_axis',(-1.,-4.21884749357559E-15,0.));
#2084=DIRECTION('',(0.,0.,-1.));
#2085=DIRECTION('',(-1.,-4.21884749357559E-15,0.));
#2086=DIRECTION('center_axis',(0.,0.,1.));
#2087=DIRECTION('ref_axis',(-0.707106781186548,-0.707106781186548,0.));
#2088=DIRECTION('',(0.,0.,1.));
#2089=DIRECTION('center_axis',(0.,0.,1.));
#2090=DIRECTION('ref_axis',(-0.707106781186548,-0.707106781186548,0.));
#2091=DIRECTION('center_axis',(1.,4.21884749357559E-15,0.));
#2092=DIRECTION('ref_axis',(-4.21884749357559E-15,1.,0.));
#2093=DIRECTION('',(-4.21884749357559E-15,1.,0.));
#2094=DIRECTION('center_axis',(0.,0.,1.));
#2095=DIRECTION('ref_axis',(-0.707106781186573,-0.707106781186522,0.));
#2096=DIRECTION('',(0.,0.,1.));
#2097=DIRECTION('center_axis',(0.,0.,1.));
#2098=DIRECTION('ref_axis',(-0.707106781186573,-0.707106781186522,0.));
#2099=DIRECTION('center_axis',(1.,4.21884749357559E-15,0.));
#2100=DIRECTION('ref_axis',(-4.21884749357559E-15,1.,0.));
#2101=DIRECTION('',(0.,0.,1.));
#2102=DIRECTION('',(-4.21884749357559E-15,1.,0.));
#2103=DIRECTION('center_axis',(0.,0.,1.));
#2104=DIRECTION('ref_axis',(-0.707106781186573,-0.707106781186522,0.));
#2105=DIRECTION('',(0.,0.,1.));
#2106=DIRECTION('center_axis',(0.,0.,1.));
#2107=DIRECTION('ref_axis',(-0.707106781186573,-0.707106781186522,0.));
#2108=DIRECTION('center_axis',(1.,4.21884749357559E-15,0.));
#2109=DIRECTION('ref_axis',(-4.21884749357559E-15,1.,0.));
#2110=DIRECTION('',(0.,0.,-1.));
#2111=DIRECTION('',(-4.21884749357559E-15,1.,0.));
#2112=DIRECTION('center_axis',(0.,0.,1.));
#2113=DIRECTION('ref_axis',(-0.707106781186548,0.707106781186548,0.));
#2114=DIRECTION('',(0.,0.,1.));
#2115=DIRECTION('center_axis',(0.,0.,1.));
#2116=DIRECTION('ref_axis',(-0.707106781186548,0.707106781186548,0.));
#2117=DIRECTION('center_axis',(4.21884749357559E-15,-1.,0.));
#2118=DIRECTION('ref_axis',(1.,4.21884749357559E-15,0.));
#2119=DIRECTION('',(0.,0.,-1.));
#2120=DIRECTION('',(1.,4.21884749357559E-15,0.));
#2121=DIRECTION('center_axis',(0.,0.,1.));
#2122=DIRECTION('ref_axis',(0.707106781186573,0.707106781186522,0.));
#2123=DIRECTION('',(0.,0.,1.));
#2124=DIRECTION('center_axis',(0.,0.,1.));
#2125=DIRECTION('ref_axis',(0.707106781186573,0.707106781186522,0.));
#2126=DIRECTION('center_axis',(-1.,-4.21884749357559E-15,0.));
#2127=DIRECTION('ref_axis',(4.21884749357559E-15,-1.,0.));
#2128=DIRECTION('',(4.21884749357559E-15,-1.,0.));
#2129=DIRECTION('center_axis',(-4.21884749357559E-15,1.,0.));
#2130=DIRECTION('ref_axis',(-1.,-4.21884749357559E-15,0.));
#2131=DIRECTION('',(0.,0.,1.));
#2132=DIRECTION('',(-1.,-4.21884749357559E-15,0.));
#2133=DIRECTION('',(0.,0.,1.));
#2134=DIRECTION('center_axis',(-1.,-4.21884749357559E-15,0.));
#2135=DIRECTION('ref_axis',(4.21884749357559E-15,-1.,0.));
#2136=DIRECTION('',(4.21884749357559E-15,-1.,0.));
#2137=DIRECTION('',(0.,0.,1.));
#2138=DIRECTION('center_axis',(4.21884749357559E-15,-1.,0.));
#2139=DIRECTION('ref_axis',(1.,4.21884749357559E-15,0.));
#2140=DIRECTION('',(1.,4.21884749357559E-15,0.));
#2141=DIRECTION('',(0.,0.,1.));
#2142=DIRECTION('center_axis',(1.,4.21884749357559E-15,0.));
#2143=DIRECTION('ref_axis',(-4.21884749357559E-15,1.,0.));
#2144=DIRECTION('',(-4.21884749357559E-15,1.,0.));
#2145=DIRECTION('center_axis',(0.,0.,1.));
#2146=DIRECTION('ref_axis',(-1.,-4.21884749357559E-15,0.));
#2147=DIRECTION('center_axis',(0.,0.,-1.));
#2148=DIRECTION('ref_axis',(-1.,-4.21884749357559E-15,0.));
#2149=DIRECTION('',(0.,0.,-1.));
#2150=DIRECTION('center_axis',(0.,0.,1.));
#2151=DIRECTION('ref_axis',(-1.,-4.21884749357559E-15,0.));
#2152=DIRECTION('center_axis',(0.,0.,-1.));
#2153=DIRECTION('ref_axis',(-1.,-4.21884749357559E-15,0.));
#2154=DIRECTION('',(0.,0.,-1.));
#2155=DIRECTION('center_axis',(0.,0.,1.));
#2156=DIRECTION('ref_axis',(-1.,-4.21884749357559E-15,0.));
#2157=DIRECTION('center_axis',(0.,0.,-1.));
#2158=DIRECTION('ref_axis',(-1.,-4.21884749357559E-15,0.));
#2159=DIRECTION('',(0.,0.,-1.));
#2160=DIRECTION('center_axis',(-1.,-4.21884749357559E-15,0.));
#2161=DIRECTION('ref_axis',(4.21884749357559E-15,-1.,0.));
#2162=DIRECTION('',(0.,0.,1.));
#2163=DIRECTION('',(4.21884749357559E-15,-1.,0.));
#2164=DIRECTION('',(0.,0.,1.));
#2165=DIRECTION('center_axis',(4.21884749357559E-15,-1.,0.));
#2166=DIRECTION('ref_axis',(1.,4.21884749357559E-15,0.));
#2167=DIRECTION('',(1.,4.21884749357559E-15,0.));
#2168=DIRECTION('',(0.,0.,1.));
#2169=DIRECTION('center_axis',(1.,4.21884749357559E-15,0.));
#2170=DIRECTION('ref_axis',(-4.21884749357559E-15,1.,0.));
#2171=DIRECTION('',(-4.21884749357559E-15,1.,0.));
#2172=DIRECTION('',(0.,0.,1.));
#2173=DIRECTION('center_axis',(-4.21884749357559E-15,1.,0.));
#2174=DIRECTION('ref_axis',(-1.,-4.21884749357559E-15,0.));
#2175=DIRECTION('',(-1.,-4.21884749357559E-15,0.));
#2176=DIRECTION('center_axis',(0.,0.,1.));
#2177=DIRECTION('ref_axis',(-1.,-4.21884749357559E-15,0.));
#2178=DIRECTION('center_axis',(0.,0.,-1.));
#2179=DIRECTION('ref_axis',(-1.,-4.21884749357559E-15,0.));
#2180=DIRECTION('',(0.,0.,-1.));
#2181=DIRECTION('center_axis',(4.21884749357559E-15,-1.,0.));
#2182=DIRECTION('ref_axis',(1.,4.21884749357559E-15,0.));
#2183=DIRECTION('',(1.,4.21884749357559E-15,0.));
#2184=DIRECTION('center_axis',(-1.,-4.21884749357559E-15,0.));
#2185=DIRECTION('ref_axis',(4.21884749357559E-15,-1.,0.));
#2186=DIRECTION('',(4.21884749357559E-15,-1.,0.));
#2187=DIRECTION('center_axis',(1.,4.21884749357559E-15,0.));
#2188=DIRECTION('ref_axis',(-4.21884749357559E-15,1.,0.));
#2189=DIRECTION('',(-4.21884749357559E-15,1.,0.));
#2190=DIRECTION('center_axis',(0.,0.,1.));
#2191=DIRECTION('ref_axis',(-1.,-4.21884749357559E-15,0.));
#2192=CARTESIAN_POINT('',(0.,0.,0.));
#2193=CARTESIAN_POINT('Origin',(74.4247442770222,-157.973853894003,13.));
#2194=CARTESIAN_POINT('',(74.4247442770222,-159.973853894003,16.));
#2195=CARTESIAN_POINT('',(72.4247442770222,-157.973853894003,16.));
#2196=CARTESIAN_POINT('Origin',(74.4247442770222,-157.973853894003,16.));
#2197=CARTESIAN_POINT('',(72.4247442770222,-157.973853894003,13.));
#2198=CARTESIAN_POINT('',(72.4247442770222,-157.973853894003,13.));
#2199=CARTESIAN_POINT('',(74.4247442770222,-159.973853894003,13.));
#2200=CARTESIAN_POINT('Origin',(74.4247442770222,-157.973853894003,13.));
#2201=CARTESIAN_POINT('',(74.4247442770222,-159.973853894003,13.));
#2202=CARTESIAN_POINT('Origin',(72.4247442770223,-159.973853894003,13.));
#2203=CARTESIAN_POINT('',(182.224744277022,-159.973853894002,13.));
#2204=CARTESIAN_POINT('',(184.224744277022,-159.973853894002,13.));
#2205=CARTESIAN_POINT('',(182.224744277022,-159.973853894002,16.));
#2206=CARTESIAN_POINT('',(182.224744277022,-159.973853894002,13.));
#2207=CARTESIAN_POINT('',(184.224744277022,-159.973853894002,16.));
#2208=CARTESIAN_POINT('Origin',(128.324744277022,-120.073853894002,13.));
#2209=CARTESIAN_POINT('',(72.4247442770219,-82.1738538940019,13.));
#2210=CARTESIAN_POINT('',(72.4247442770223,-159.973853894003,13.));
#2211=CARTESIAN_POINT('',(74.4247442770219,-80.1738538940019,13.));
#2212=CARTESIAN_POINT('Origin',(74.4247442770219,-82.1738538940019,13.));
#2213=CARTESIAN_POINT('',(182.224744277021,-80.1738538940014,13.));
#2214=CARTESIAN_POINT('',(72.4247442770219,-80.1738538940019,13.));
#2215=CARTESIAN_POINT('',(184.224744277021,-82.1738538940014,13.));
#2216=CARTESIAN_POINT('Origin',(182.224744277021,-82.1738538940014,13.));
#2217=CARTESIAN_POINT('',(184.224744277022,-157.973853894002,13.));
#2218=CARTESIAN_POINT('',(184.224744277021,-80.1738538940014,13.));
#2219=CARTESIAN_POINT('Origin',(182.224744277022,-157.973853894002,13.));
#2220=CARTESIAN_POINT('',(109.265267007898,-131.99615807868,13.));
#2221=CARTESIAN_POINT('',(122.855267677137,-131.99615807868,13.));
#2222=CARTESIAN_POINT('',(109.265267007898,-131.99615807868,13.));
#2223=CARTESIAN_POINT('',(109.265267007898,-145.586158747919,13.));
#2224=CARTESIAN_POINT('',(109.265267007898,-146.086158747919,13.));
#2225=CARTESIAN_POINT('',(109.765267007898,-146.086158747919,13.));
#2226=CARTESIAN_POINT('Origin',(109.765267007898,-145.586158747919,13.));
#2227=CARTESIAN_POINT('',(122.855267677137,-146.086158747919,13.));
#2228=CARTESIAN_POINT('',(123.355267677137,-146.086158747919,13.));
#2229=CARTESIAN_POINT('',(123.355267677137,-145.586158747919,13.));
#2230=CARTESIAN_POINT('Origin',(122.855267677137,-145.586158747919,13.));
#2231=CARTESIAN_POINT('',(123.355267677137,-132.49615807868,13.));
#2232=CARTESIAN_POINT('',(123.355267677137,-131.99615807868,13.));
#2233=CARTESIAN_POINT('Origin',(122.855267677137,-132.49615807868,13.));
#2234=CARTESIAN_POINT('',(170.045269918542,-113.456157198077,13.));
#2235=CARTESIAN_POINT('',(170.545269918542,-113.956157198077,13.));
#2236=CARTESIAN_POINT('Origin',(170.045269918542,-113.956157198077,13.));
#2237=CARTESIAN_POINT('',(156.955269249303,-113.456157198077,13.));
#2238=CARTESIAN_POINT('',(170.545269918542,-113.456157198077,13.));
#2239=CARTESIAN_POINT('',(156.455269249303,-113.956157198077,13.));
#2240=CARTESIAN_POINT('Origin',(156.955269249303,-113.956157198077,13.));
#2241=CARTESIAN_POINT('',(156.455269249303,-127.046157867317,13.));
#2242=CARTESIAN_POINT('',(156.455269249303,-113.456157198077,13.));
#2243=CARTESIAN_POINT('',(156.955269249303,-127.546157867317,13.));
#2244=CARTESIAN_POINT('Origin',(156.955269249303,-127.046157867317,13.));
#2245=CARTESIAN_POINT('',(170.045269918542,-127.546157867316,13.));
#2246=CARTESIAN_POINT('',(156.455269249303,-127.546157867317,13.));
#2247=CARTESIAN_POINT('',(170.545269918542,-127.046157867316,13.));
#2248=CARTESIAN_POINT('Origin',(170.045269918542,-127.046157867316,13.));
#2249=CARTESIAN_POINT('',(170.545269918542,-127.546157867316,13.));
#2250=CARTESIAN_POINT('',(78.689196326792,-85.1738059437719,13.));
#2251=CARTESIAN_POINT('Origin',(77.424696326792,-85.1738059437719,13.));
#2252=CARTESIAN_POINT('',(113.375267203113,-104.8161567877,13.));
#2253=CARTESIAN_POINT('',(101.055266617944,-104.8161567877,13.));
#2254=CARTESIAN_POINT('',(113.375267203113,-104.8161567877,13.));
#2255=CARTESIAN_POINT('',(113.375267203112,-92.89615622153,13.));
#2256=CARTESIAN_POINT('',(113.375267203112,-92.89615622153,13.));
#2257=CARTESIAN_POINT('',(101.055266617944,-92.8961562215301,13.));
#2258=CARTESIAN_POINT('',(101.055266617944,-92.8961562215301,13.));
#2259=CARTESIAN_POINT('',(101.055266617944,-104.8161567877,13.));
#2260=CARTESIAN_POINT('',(141.935268583389,-131.99615807868,13.));
#2261=CARTESIAN_POINT('',(142.435268583389,-132.49615807868,13.));
#2262=CARTESIAN_POINT('Origin',(141.935268583389,-132.49615807868,13.));
#2263=CARTESIAN_POINT('',(128.845267914149,-131.99615807868,13.));
#2264=CARTESIAN_POINT('',(142.435268583389,-131.99615807868,13.));
#2265=CARTESIAN_POINT('',(128.345267914149,-132.49615807868,13.));
#2266=CARTESIAN_POINT('Origin',(128.845267914149,-132.49615807868,13.));
#2267=CARTESIAN_POINT('',(128.34526791415,-145.586158747919,13.));
#2268=CARTESIAN_POINT('',(128.345267914149,-131.99615807868,13.));
#2269=CARTESIAN_POINT('',(128.84526791415,-146.086158747919,13.));
#2270=CARTESIAN_POINT('Origin',(128.84526791415,-145.586158747919,13.));
#2271=CARTESIAN_POINT('',(141.935268583389,-146.086158747919,13.));
#2272=CARTESIAN_POINT('',(128.34526791415,-146.086158747919,13.));
#2273=CARTESIAN_POINT('',(142.435268583389,-145.586158747919,13.));
#2274=CARTESIAN_POINT('Origin',(141.935268583389,-145.586158747919,13.));
#2275=CARTESIAN_POINT('',(142.435268583389,-146.086158747919,13.));
#2276=CARTESIAN_POINT('',(170.545269918542,-146.046158769768,13.));
#2277=CARTESIAN_POINT('',(170.045269918542,-146.546158769768,13.));
#2278=CARTESIAN_POINT('Origin',(170.045269918542,-146.046158769768,13.));
#2279=CARTESIAN_POINT('',(170.545269918542,-132.956158100529,13.));
#2280=CARTESIAN_POINT('',(170.545269918542,-132.456158100529,13.));
#2281=CARTESIAN_POINT('',(170.045269918542,-132.456158100529,13.));
#2282=CARTESIAN_POINT('Origin',(170.045269918542,-132.956158100529,13.));
#2283=CARTESIAN_POINT('',(156.955269249303,-132.456158100529,13.));
#2284=CARTESIAN_POINT('',(156.455269249303,-132.456158100529,13.));
#2285=CARTESIAN_POINT('',(156.455269249303,-132.956158100529,13.));
#2286=CARTESIAN_POINT('Origin',(156.955269249303,-132.956158100529,13.));
#2287=CARTESIAN_POINT('',(156.455269249303,-146.046158769768,13.));
#2288=CARTESIAN_POINT('',(156.455269249303,-146.546158769768,13.));
#2289=CARTESIAN_POINT('',(156.955269249303,-146.546158769768,13.));
#2290=CARTESIAN_POINT('Origin',(156.955269249303,-146.046158769768,13.));
#2291=CARTESIAN_POINT('',(170.545269918542,-146.546158769768,13.));
#2292=CARTESIAN_POINT('',(180.489244277022,-85.1738538940022,13.));
#2293=CARTESIAN_POINT('Origin',(179.224744277022,-85.1738538940022,13.));
#2294=CARTESIAN_POINT('',(78.6892442770216,-154.973853894002,13.));
#2295=CARTESIAN_POINT('Origin',(77.4247442770216,-154.973853894002,13.));
#2296=CARTESIAN_POINT('',(103.775266770886,-131.99615807868,13.));
#2297=CARTESIAN_POINT('',(104.275266770886,-132.49615807868,13.));
#2298=CARTESIAN_POINT('Origin',(103.775266770886,-132.49615807868,13.));
#2299=CARTESIAN_POINT('',(90.6852661016467,-131.99615807868,13.));
#2300=CARTESIAN_POINT('',(104.275266770886,-131.99615807868,13.));
#2301=CARTESIAN_POINT('',(90.1852661016467,-132.49615807868,13.));
#2302=CARTESIAN_POINT('Origin',(90.6852661016467,-132.49615807868,13.));
#2303=CARTESIAN_POINT('',(90.1852661016468,-145.58615874792,13.));
#2304=CARTESIAN_POINT('',(90.1852661016467,-131.99615807868,13.));
#2305=CARTESIAN_POINT('',(90.6852661016468,-146.08615874792,13.));
#2306=CARTESIAN_POINT('Origin',(90.6852661016468,-145.58615874792,13.));
#2307=CARTESIAN_POINT('',(103.775266770886,-146.086158747919,13.));
#2308=CARTESIAN_POINT('',(90.1852661016468,-146.08615874792,13.));
#2309=CARTESIAN_POINT('',(104.275266770886,-145.586158747919,13.));
#2310=CARTESIAN_POINT('Origin',(103.775266770886,-145.586158747919,13.));
#2311=CARTESIAN_POINT('',(104.275266770886,-146.086158747919,13.));
#2312=CARTESIAN_POINT('',(123.355267677137,-126.586157845468,13.));
#2313=CARTESIAN_POINT('',(122.855267677137,-127.086157845468,13.));
#2314=CARTESIAN_POINT('Origin',(122.855267677137,-126.586157845468,13.));
#2315=CARTESIAN_POINT('',(123.355267677137,-113.496157176229,13.));
#2316=CARTESIAN_POINT('',(123.355267677137,-112.996157176229,13.));
#2317=CARTESIAN_POINT('',(122.855267677137,-112.996157176229,13.));
#2318=CARTESIAN_POINT('Origin',(122.855267677137,-113.496157176229,13.));
#2319=CARTESIAN_POINT('',(109.765267007898,-112.996157176229,13.));
#2320=CARTESIAN_POINT('',(109.265267007898,-112.996157176229,13.));
#2321=CARTESIAN_POINT('',(109.265267007898,-113.496157176229,13.));
#2322=CARTESIAN_POINT('Origin',(109.765267007898,-113.496157176229,13.));
#2323=CARTESIAN_POINT('',(109.265267007898,-126.586157845468,13.));
#2324=CARTESIAN_POINT('',(109.265267007898,-127.086157845468,13.));
#2325=CARTESIAN_POINT('',(109.765267007898,-127.086157845468,13.));
#2326=CARTESIAN_POINT('Origin',(109.765267007898,-126.586157845468,13.));
#2327=CARTESIAN_POINT('',(123.355267677137,-127.086157845468,13.));
#2328=CARTESIAN_POINT('',(170.545269918542,-108.046156964865,13.));
#2329=CARTESIAN_POINT('',(170.045269918542,-108.546156964865,13.));
#2330=CARTESIAN_POINT('Origin',(170.045269918542,-108.046156964865,13.));
#2331=CARTESIAN_POINT('',(170.545269918542,-94.9561562956258,13.));
#2332=CARTESIAN_POINT('',(170.545269918542,-94.4561562956258,13.));
#2333=CARTESIAN_POINT('',(170.045269918542,-94.4561562956258,13.));
#2334=CARTESIAN_POINT('Origin',(170.045269918542,-94.9561562956258,13.));
#2335=CARTESIAN_POINT('',(156.955269249303,-94.4561562956258,13.));
#2336=CARTESIAN_POINT('',(156.455269249303,-94.4561562956258,13.));
#2337=CARTESIAN_POINT('',(156.455269249303,-94.9561562956259,13.));
#2338=CARTESIAN_POINT('Origin',(156.955269249303,-94.9561562956259,13.));
#2339=CARTESIAN_POINT('',(156.455269249303,-108.046156964865,13.));
#2340=CARTESIAN_POINT('',(156.455269249303,-108.546156964865,13.));
#2341=CARTESIAN_POINT('',(156.955269249303,-108.546156964865,13.));
#2342=CARTESIAN_POINT('Origin',(156.955269249303,-108.046156964865,13.));
#2343=CARTESIAN_POINT('',(170.545269918542,-108.546156964865,13.));
#2344=CARTESIAN_POINT('',(180.489244277022,-154.973853894002,13.));
#2345=CARTESIAN_POINT('Origin',(179.224744277022,-154.973853894002,13.));
#2346=CARTESIAN_POINT('',(115.935267324706,-104.056156751602,13.));
#2347=CARTESIAN_POINT('',(115.935267324706,-91.9361561759325,13.));
#2348=CARTESIAN_POINT('',(115.935267324706,-91.9361561759325,13.));
#2349=CARTESIAN_POINT('',(154.065269135784,-104.056156751601,13.));
#2350=CARTESIAN_POINT('',(115.935267324706,-104.056156751602,13.));
#2351=CARTESIAN_POINT('',(154.065269135784,-91.9361561759323,13.));
#2352=CARTESIAN_POINT('',(154.065269135784,-104.056156751601,13.));
#2353=CARTESIAN_POINT('',(154.065269135784,-91.9361561759323,13.));
#2354=CARTESIAN_POINT('Origin',(74.4247442770219,-82.1738538940019,13.));
#2355=CARTESIAN_POINT('',(72.4247442770219,-82.1738538940019,16.));
#2356=CARTESIAN_POINT('',(74.4247442770219,-80.1738538940019,16.));
#2357=CARTESIAN_POINT('Origin',(74.4247442770219,-82.1738538940019,16.));
#2358=CARTESIAN_POINT('',(74.4247442770219,-80.1738538940018,13.));
#2359=CARTESIAN_POINT('',(72.4247442770219,-82.1738538940019,13.));
#2360=CARTESIAN_POINT('Origin',(184.224744277021,-80.1738538940014,13.));
#2361=CARTESIAN_POINT('',(182.224744277021,-80.1738538940014,16.));
#2362=CARTESIAN_POINT('',(72.4247442770219,-80.1738538940019,16.));
#2363=CARTESIAN_POINT('',(182.224744277021,-80.1738538940014,13.));
#2364=CARTESIAN_POINT('Origin',(182.224744277021,-82.1738538940014,13.));
#2365=CARTESIAN_POINT('',(184.224744277021,-82.1738538940014,16.));
#2366=CARTESIAN_POINT('Origin',(182.224744277021,-82.1738538940014,16.));
#2367=CARTESIAN_POINT('',(184.224744277021,-82.1738538940014,13.));
#2368=CARTESIAN_POINT('Origin',(182.224744277022,-157.973853894002,13.));
#2369=CARTESIAN_POINT('',(184.224744277022,-157.973853894002,16.));
#2370=CARTESIAN_POINT('Origin',(182.224744277022,-157.973853894002,16.));
#2371=CARTESIAN_POINT('',(184.224744277022,-157.973853894002,13.));
#2372=CARTESIAN_POINT('Origin',(170.045269918542,-146.046158769768,13.));
#2373=CARTESIAN_POINT('',(170.045269918542,-146.546158769768,16.));
#2374=CARTESIAN_POINT('',(170.045269918542,-146.546158769768,13.));
#2375=CARTESIAN_POINT('',(170.545269918542,-146.046158769768,16.));
#2376=CARTESIAN_POINT('Origin',(170.045269918542,-146.046158769768,16.));
#2377=CARTESIAN_POINT('',(170.545269918542,-146.046158769768,13.));
#2378=CARTESIAN_POINT('Origin',(170.545269918542,-146.546158769768,13.));
#2379=CARTESIAN_POINT('',(156.955269249303,-146.546158769768,16.));
#2380=CARTESIAN_POINT('',(156.955269249303,-146.546158769768,13.));
#2381=CARTESIAN_POINT('',(170.545269918542,-146.546158769768,16.));
#2382=CARTESIAN_POINT('Origin',(170.045269918542,-127.046157867316,13.));
#2383=CARTESIAN_POINT('',(170.045269918542,-127.546157867316,16.));
#2384=CARTESIAN_POINT('',(170.045269918542,-127.546157867316,13.));
#2385=CARTESIAN_POINT('',(170.545269918542,-127.046157867316,16.));
#2386=CARTESIAN_POINT('Origin',(170.045269918542,-127.046157867316,16.));
#2387=CARTESIAN_POINT('',(170.545269918542,-127.046157867316,13.));
#2388=CARTESIAN_POINT('Origin',(170.545269918542,-127.546157867316,13.));
#2389=CARTESIAN_POINT('',(156.955269249303,-127.546157867317,16.));
#2390=CARTESIAN_POINT('',(156.955269249303,-127.546157867317,13.));
#2391=CARTESIAN_POINT('',(156.455269249303,-127.546157867317,16.));
#2392=CARTESIAN_POINT('Origin',(170.045269918542,-108.046156964865,13.));
#2393=CARTESIAN_POINT('',(170.045269918542,-108.546156964865,16.));
#2394=CARTESIAN_POINT('',(170.045269918542,-108.546156964865,13.));
#2395=CARTESIAN_POINT('',(170.545269918542,-108.046156964865,16.));
#2396=CARTESIAN_POINT('Origin',(170.045269918542,-108.046156964865,16.));
#2397=CARTESIAN_POINT('',(170.545269918542,-108.046156964865,13.));
#2398=CARTESIAN_POINT('Origin',(170.545269918542,-108.546156964865,13.));
#2399=CARTESIAN_POINT('',(156.955269249303,-108.546156964865,16.));
#2400=CARTESIAN_POINT('',(156.955269249303,-108.546156964865,13.));
#2401=CARTESIAN_POINT('',(170.545269918542,-108.546156964865,16.));
#2402=CARTESIAN_POINT('Origin',(156.955269249303,-146.046158769768,13.));
#2403=CARTESIAN_POINT('',(156.455269249303,-146.046158769768,16.));
#2404=CARTESIAN_POINT('',(156.455269249303,-146.046158769768,13.));
#2405=CARTESIAN_POINT('Origin',(156.955269249303,-146.046158769768,16.));
#2406=CARTESIAN_POINT('Origin',(156.455269249303,-146.546158769768,13.));
#2407=CARTESIAN_POINT('',(156.455269249303,-132.956158100529,16.));
#2408=CARTESIAN_POINT('',(156.455269249303,-132.956158100529,13.));
#2409=CARTESIAN_POINT('',(156.455269249303,-146.546158769768,16.));
#2410=CARTESIAN_POINT('Origin',(156.955269249303,-127.046157867317,13.));
#2411=CARTESIAN_POINT('',(156.455269249303,-127.046157867317,16.));
#2412=CARTESIAN_POINT('',(156.455269249303,-127.046157867317,13.));
#2413=CARTESIAN_POINT('Origin',(156.955269249303,-127.046157867317,16.));
#2414=CARTESIAN_POINT('Origin',(156.455269249303,-127.546157867317,13.));
#2415=CARTESIAN_POINT('',(156.455269249303,-113.956157198077,16.));
#2416=CARTESIAN_POINT('',(156.455269249303,-113.956157198077,13.));
#2417=CARTESIAN_POINT('',(156.455269249303,-113.456157198077,16.));
#2418=CARTESIAN_POINT('Origin',(156.955269249303,-108.046156964865,13.));
#2419=CARTESIAN_POINT('',(156.455269249303,-108.046156964865,16.));
#2420=CARTESIAN_POINT('',(156.455269249303,-108.046156964865,13.));
#2421=CARTESIAN_POINT('Origin',(156.955269249303,-108.046156964865,16.));
#2422=CARTESIAN_POINT('Origin',(156.455269249303,-108.546156964865,13.));
#2423=CARTESIAN_POINT('',(156.455269249303,-94.9561562956259,16.));
#2424=CARTESIAN_POINT('',(156.455269249303,-94.9561562956259,13.));
#2425=CARTESIAN_POINT('',(156.455269249303,-108.546156964865,16.));
#2426=CARTESIAN_POINT('Origin',(156.955269249303,-132.956158100529,13.));
#2427=CARTESIAN_POINT('',(156.955269249303,-132.456158100529,16.));
#2428=CARTESIAN_POINT('',(156.955269249303,-132.456158100529,13.));
#2429=CARTESIAN_POINT('Origin',(156.955269249303,-132.956158100529,16.));
#2430=CARTESIAN_POINT('Origin',(156.455269249303,-132.456158100529,13.));
#2431=CARTESIAN_POINT('',(170.045269918542,-132.456158100529,16.));
#2432=CARTESIAN_POINT('',(170.045269918542,-132.456158100529,13.));
#2433=CARTESIAN_POINT('',(156.455269249303,-132.456158100529,16.));
#2434=CARTESIAN_POINT('Origin',(156.955269249303,-113.956157198077,13.));
#2435=CARTESIAN_POINT('',(156.955269249303,-113.456157198077,16.));
#2436=CARTESIAN_POINT('',(156.955269249303,-113.456157198077,13.));
#2437=CARTESIAN_POINT('Origin',(156.955269249303,-113.956157198077,16.));
#2438=CARTESIAN_POINT('Origin',(156.455269249303,-113.456157198077,13.));
#2439=CARTESIAN_POINT('',(170.045269918542,-113.456157198077,16.));
#2440=CARTESIAN_POINT('',(170.045269918542,-113.456157198077,13.));
#2441=CARTESIAN_POINT('',(170.545269918542,-113.456157198077,16.));
#2442=CARTESIAN_POINT('Origin',(156.955269249303,-94.9561562956259,13.));
#2443=CARTESIAN_POINT('',(156.955269249303,-94.4561562956258,16.));
#2444=CARTESIAN_POINT('',(156.955269249303,-94.4561562956258,13.));
#2445=CARTESIAN_POINT('Origin',(156.955269249303,-94.9561562956259,16.));
#2446=CARTESIAN_POINT('Origin',(156.455269249303,-94.4561562956258,13.));
#2447=CARTESIAN_POINT('',(170.045269918542,-94.4561562956258,16.));
#2448=CARTESIAN_POINT('',(170.045269918542,-94.4561562956258,13.));
#2449=CARTESIAN_POINT('',(156.455269249303,-94.4561562956258,16.));
#2450=CARTESIAN_POINT('Origin',(170.045269918542,-132.956158100529,13.));
#2451=CARTESIAN_POINT('',(170.545269918542,-132.956158100529,16.));
#2452=CARTESIAN_POINT('',(170.545269918542,-132.956158100529,13.));
#2453=CARTESIAN_POINT('Origin',(170.045269918542,-132.956158100529,16.));
#2454=CARTESIAN_POINT('Origin',(170.545269918542,-132.456158100529,13.));
#2455=CARTESIAN_POINT('',(170.545269918542,-132.456158100529,16.));
#2456=CARTESIAN_POINT('Origin',(170.045269918542,-113.956157198077,13.));
#2457=CARTESIAN_POINT('',(170.545269918542,-113.956157198077,16.));
#2458=CARTESIAN_POINT('',(170.545269918542,-113.956157198077,13.));
#2459=CARTESIAN_POINT('Origin',(170.045269918542,-113.956157198077,16.));
#2460=CARTESIAN_POINT('Origin',(170.545269918542,-113.456157198077,13.));
#2461=CARTESIAN_POINT('',(170.545269918542,-127.546157867316,16.));
#2462=CARTESIAN_POINT('Origin',(170.045269918542,-94.9561562956258,13.));
#2463=CARTESIAN_POINT('',(170.545269918542,-94.9561562956258,16.));
#2464=CARTESIAN_POINT('',(170.545269918542,-94.9561562956258,13.));
#2465=CARTESIAN_POINT('Origin',(170.045269918542,-94.9561562956258,16.));
#2466=CARTESIAN_POINT('Origin',(170.545269918542,-94.4561562956258,13.));
#2467=CARTESIAN_POINT('',(170.545269918542,-94.4561562956258,16.));
#2468=CARTESIAN_POINT('Origin',(128.84526791415,-145.586158747919,13.));
#2469=CARTESIAN_POINT('',(128.34526791415,-145.586158747919,16.));
#2470=CARTESIAN_POINT('',(128.34526791415,-145.586158747919,13.));
#2471=CARTESIAN_POINT('',(128.84526791415,-146.086158747919,16.));
#2472=CARTESIAN_POINT('Origin',(128.84526791415,-145.586158747919,16.));
#2473=CARTESIAN_POINT('',(128.84526791415,-146.086158747919,13.));
#2474=CARTESIAN_POINT('Origin',(128.34526791415,-146.086158747919,13.));
#2475=CARTESIAN_POINT('',(128.345267914149,-132.49615807868,16.));
#2476=CARTESIAN_POINT('',(128.345267914149,-132.49615807868,13.));
#2477=CARTESIAN_POINT('',(128.345267914149,-131.99615807868,16.));
#2478=CARTESIAN_POINT('Origin',(128.845267914149,-132.49615807868,13.));
#2479=CARTESIAN_POINT('',(128.845267914149,-131.99615807868,16.));
#2480=CARTESIAN_POINT('',(128.845267914149,-131.99615807868,13.));
#2481=CARTESIAN_POINT('Origin',(128.845267914149,-132.49615807868,16.));
#2482=CARTESIAN_POINT('Origin',(128.345267914149,-131.99615807868,13.));
#2483=CARTESIAN_POINT('',(141.935268583389,-131.99615807868,16.));
#2484=CARTESIAN_POINT('',(141.935268583389,-131.99615807868,13.));
#2485=CARTESIAN_POINT('',(142.435268583389,-131.99615807868,16.));
#2486=CARTESIAN_POINT('Origin',(141.935268583389,-132.49615807868,13.));
#2487=CARTESIAN_POINT('',(142.435268583389,-132.49615807868,16.));
#2488=CARTESIAN_POINT('',(142.435268583389,-132.49615807868,13.));
#2489=CARTESIAN_POINT('Origin',(141.935268583389,-132.49615807868,16.));
#2490=CARTESIAN_POINT('Origin',(142.435268583389,-131.99615807868,13.));
#2491=CARTESIAN_POINT('',(142.435268583389,-145.586158747919,16.));
#2492=CARTESIAN_POINT('',(142.435268583389,-145.586158747919,13.));
#2493=CARTESIAN_POINT('',(142.435268583389,-146.086158747919,16.));
#2494=CARTESIAN_POINT('Origin',(141.935268583389,-145.586158747919,13.));
#2495=CARTESIAN_POINT('',(141.935268583389,-146.086158747919,16.));
#2496=CARTESIAN_POINT('',(141.935268583389,-146.086158747919,13.));
#2497=CARTESIAN_POINT('Origin',(141.935268583389,-145.586158747919,16.));
#2498=CARTESIAN_POINT('Origin',(142.435268583389,-146.086158747919,13.));
#2499=CARTESIAN_POINT('',(128.34526791415,-146.086158747919,16.));
#2500=CARTESIAN_POINT('Origin',(122.855267677137,-126.586157845468,13.));
#2501=CARTESIAN_POINT('',(122.855267677137,-127.086157845468,16.));
#2502=CARTESIAN_POINT('',(122.855267677137,-127.086157845468,13.));
#2503=CARTESIAN_POINT('',(123.355267677137,-126.586157845468,16.));
#2504=CARTESIAN_POINT('Origin',(122.855267677137,-126.586157845468,16.));
#2505=CARTESIAN_POINT('',(123.355267677137,-126.586157845468,13.));
#2506=CARTESIAN_POINT('Origin',(123.355267677137,-127.086157845468,13.));
#2507=CARTESIAN_POINT('',(109.765267007898,-127.086157845468,16.));
#2508=CARTESIAN_POINT('',(109.765267007898,-127.086157845468,13.));
#2509=CARTESIAN_POINT('',(123.355267677137,-127.086157845468,16.));
#2510=CARTESIAN_POINT('Origin',(90.6852661016467,-132.49615807868,13.));
#2511=CARTESIAN_POINT('',(90.6852661016467,-131.99615807868,16.));
#2512=CARTESIAN_POINT('',(90.6852661016467,-131.99615807868,13.));
#2513=CARTESIAN_POINT('',(90.1852661016467,-132.49615807868,16.));
#2514=CARTESIAN_POINT('Origin',(90.6852661016467,-132.49615807868,16.));
#2515=CARTESIAN_POINT('',(90.1852661016467,-132.49615807868,13.));
#2516=CARTESIAN_POINT('Origin',(90.1852661016467,-131.99615807868,13.));
#2517=CARTESIAN_POINT('',(103.775266770886,-131.99615807868,16.));
#2518=CARTESIAN_POINT('',(103.775266770886,-131.99615807868,13.));
#2519=CARTESIAN_POINT('',(104.275266770886,-131.99615807868,16.));
#2520=CARTESIAN_POINT('Origin',(103.775266770886,-132.49615807868,13.));
#2521=CARTESIAN_POINT('',(104.275266770886,-132.49615807868,16.));
#2522=CARTESIAN_POINT('',(104.275266770886,-132.49615807868,13.));
#2523=CARTESIAN_POINT('Origin',(103.775266770886,-132.49615807868,16.));
#2524=CARTESIAN_POINT('Origin',(104.275266770886,-131.99615807868,13.));
#2525=CARTESIAN_POINT('',(104.275266770886,-145.586158747919,16.));
#2526=CARTESIAN_POINT('',(104.275266770886,-145.586158747919,13.));
#2527=CARTESIAN_POINT('',(104.275266770886,-146.086158747919,16.));
#2528=CARTESIAN_POINT('Origin',(122.855267677137,-132.49615807868,13.));
#2529=CARTESIAN_POINT('',(123.355267677137,-132.49615807868,16.));
#2530=CARTESIAN_POINT('',(123.355267677137,-132.49615807868,13.));
#2531=CARTESIAN_POINT('',(122.855267677137,-131.99615807868,16.));
#2532=CARTESIAN_POINT('Origin',(122.855267677137,-132.49615807868,16.));
#2533=CARTESIAN_POINT('',(122.855267677137,-131.99615807868,13.));
#2534=CARTESIAN_POINT('Origin',(123.355267677137,-131.99615807868,13.));
#2535=CARTESIAN_POINT('',(123.355267677137,-145.586158747919,16.));
#2536=CARTESIAN_POINT('',(123.355267677137,-145.586158747919,13.));
#2537=CARTESIAN_POINT('',(123.355267677137,-131.99615807868,16.));
#2538=CARTESIAN_POINT('Origin',(122.855267677137,-145.586158747919,13.));
#2539=CARTESIAN_POINT('',(122.855267677137,-146.086158747919,16.));
#2540=CARTESIAN_POINT('',(122.855267677137,-146.086158747919,13.));
#2541=CARTESIAN_POINT('Origin',(122.855267677137,-145.586158747919,16.));
#2542=CARTESIAN_POINT('Origin',(123.355267677137,-146.086158747919,13.));
#2543=CARTESIAN_POINT('',(109.765267007898,-146.086158747919,16.));
#2544=CARTESIAN_POINT('',(109.765267007898,-146.086158747919,13.));
#2545=CARTESIAN_POINT('',(123.355267677137,-146.086158747919,16.));
#2546=CARTESIAN_POINT('Origin',(103.775266770886,-145.586158747919,13.));
#2547=CARTESIAN_POINT('',(103.775266770886,-146.086158747919,16.));
#2548=CARTESIAN_POINT('',(103.775266770886,-146.086158747919,13.));
#2549=CARTESIAN_POINT('Origin',(103.775266770886,-145.586158747919,16.));
#2550=CARTESIAN_POINT('Origin',(104.275266770886,-146.086158747919,13.));
#2551=CARTESIAN_POINT('',(90.6852661016468,-146.08615874792,16.));
#2552=CARTESIAN_POINT('',(90.6852661016468,-146.08615874792,13.));
#2553=CARTESIAN_POINT('',(90.1852661016468,-146.08615874792,16.));
#2554=CARTESIAN_POINT('Origin',(90.6852661016468,-145.58615874792,13.));
#2555=CARTESIAN_POINT('',(90.1852661016468,-145.58615874792,16.));
#2556=CARTESIAN_POINT('',(90.1852661016468,-145.58615874792,13.));
#2557=CARTESIAN_POINT('Origin',(90.6852661016468,-145.58615874792,16.));
#2558=CARTESIAN_POINT('Origin',(90.1852661016468,-146.08615874792,13.));
#2559=CARTESIAN_POINT('',(90.1852661016467,-131.99615807868,16.));
#2560=CARTESIAN_POINT('Origin',(109.765267007898,-145.586158747919,13.));
#2561=CARTESIAN_POINT('',(109.265267007898,-145.586158747919,16.));
#2562=CARTESIAN_POINT('',(109.265267007898,-145.586158747919,13.));
#2563=CARTESIAN_POINT('Origin',(109.765267007898,-145.586158747919,16.));
#2564=CARTESIAN_POINT('Origin',(109.265267007898,-146.086158747919,13.));
#2565=CARTESIAN_POINT('',(109.265267007898,-131.99615807868,16.));
#2566=CARTESIAN_POINT('',(109.265267007898,-131.99615807868,13.));
#2567=CARTESIAN_POINT('',(109.265267007898,-146.086158747919,16.));
#2568=CARTESIAN_POINT('Origin',(109.765267007898,-126.586157845468,13.));
#2569=CARTESIAN_POINT('',(109.265267007898,-126.586157845468,16.));
#2570=CARTESIAN_POINT('',(109.265267007898,-126.586157845468,13.));
#2571=CARTESIAN_POINT('Origin',(109.765267007898,-126.586157845468,16.));
#2572=CARTESIAN_POINT('Origin',(109.265267007898,-127.086157845468,13.));
#2573=CARTESIAN_POINT('',(109.265267007898,-113.496157176229,16.));
#2574=CARTESIAN_POINT('',(109.265267007898,-113.496157176229,13.));
#2575=CARTESIAN_POINT('',(109.265267007898,-127.086157845468,16.));
#2576=CARTESIAN_POINT('Origin',(109.765267007898,-113.496157176229,13.));
#2577=CARTESIAN_POINT('',(109.765267007898,-112.996157176229,16.));
#2578=CARTESIAN_POINT('',(109.765267007898,-112.996157176229,13.));
#2579=CARTESIAN_POINT('Origin',(109.765267007898,-113.496157176229,16.));
#2580=CARTESIAN_POINT('Origin',(109.265267007898,-112.996157176229,13.));
#2581=CARTESIAN_POINT('',(122.855267677137,-112.996157176229,16.));
#2582=CARTESIAN_POINT('',(122.855267677137,-112.996157176229,13.));
#2583=CARTESIAN_POINT('',(109.265267007898,-112.996157176229,16.));
#2584=CARTESIAN_POINT('Origin',(122.855267677137,-113.496157176229,13.));
#2585=CARTESIAN_POINT('',(123.355267677137,-113.496157176229,16.));
#2586=CARTESIAN_POINT('',(123.355267677137,-113.496157176229,13.));
#2587=CARTESIAN_POINT('Origin',(122.855267677137,-113.496157176229,16.));
#2588=CARTESIAN_POINT('Origin',(123.355267677137,-112.996157176229,13.));
#2589=CARTESIAN_POINT('',(123.355267677137,-112.996157176229,16.));
#2590=CARTESIAN_POINT('Origin',(154.065269135784,-104.056156751601,13.));
#2591=CARTESIAN_POINT('',(115.935267324706,-104.056156751602,16.));
#2592=CARTESIAN_POINT('',(115.935267324706,-104.056156751602,13.));
#2593=CARTESIAN_POINT('',(154.065269135784,-104.056156751601,16.));
#2594=CARTESIAN_POINT('',(115.935267324706,-104.056156751602,16.));
#2595=CARTESIAN_POINT('',(154.065269135784,-104.056156751601,13.));
#2596=CARTESIAN_POINT('Origin',(154.065269135784,-91.9361561759323,13.));
#2597=CARTESIAN_POINT('',(154.065269135784,-91.9361561759323,16.));
#2598=CARTESIAN_POINT('',(154.065269135784,-104.056156751601,16.));
#2599=CARTESIAN_POINT('',(154.065269135784,-91.9361561759323,13.));
#2600=CARTESIAN_POINT('Origin',(115.935267324706,-91.9361561759324,13.));
#2601=CARTESIAN_POINT('',(115.935267324706,-91.9361561759325,16.));
#2602=CARTESIAN_POINT('',(154.065269135784,-91.9361561759323,16.));
#2603=CARTESIAN_POINT('',(115.935267324706,-91.9361561759325,13.));
#2604=CARTESIAN_POINT('Origin',(115.935267324706,-104.056156751602,13.));
#2605=CARTESIAN_POINT('',(115.935267324706,-91.9361561759325,16.));
#2606=CARTESIAN_POINT('Origin',(179.224744277022,-154.973853894002,13.));
#2607=CARTESIAN_POINT('',(180.489244277022,-154.973853894002,16.));
#2608=CARTESIAN_POINT('Origin',(179.224744277022,-154.973853894002,16.));
#2609=CARTESIAN_POINT('',(180.489244277022,-154.973853894002,13.));
#2610=CARTESIAN_POINT('Origin',(77.4247442770216,-154.973853894002,13.));
#2611=CARTESIAN_POINT('',(78.6892442770216,-154.973853894002,16.));
#2612=CARTESIAN_POINT('Origin',(77.4247442770216,-154.973853894002,16.));
#2613=CARTESIAN_POINT('',(78.6892442770216,-154.973853894002,13.));
#2614=CARTESIAN_POINT('Origin',(179.224744277022,-85.1738538940022,13.));
#2615=CARTESIAN_POINT('',(180.489244277022,-85.1738538940022,16.));
#2616=CARTESIAN_POINT('Origin',(179.224744277022,-85.1738538940022,16.));
#2617=CARTESIAN_POINT('',(180.489244277022,-85.1738538940022,13.));
#2618=CARTESIAN_POINT('Origin',(113.375267203112,-92.89615622153,13.));
#2619=CARTESIAN_POINT('',(113.375267203113,-104.8161567877,16.));
#2620=CARTESIAN_POINT('',(113.375267203113,-104.8161567877,13.));
#2621=CARTESIAN_POINT('',(113.375267203112,-92.89615622153,16.));
#2622=CARTESIAN_POINT('',(113.375267203112,-92.89615622153,16.));
#2623=CARTESIAN_POINT('',(113.375267203112,-92.89615622153,13.));
#2624=CARTESIAN_POINT('Origin',(101.055266617944,-92.8961562215301,13.));
#2625=CARTESIAN_POINT('',(101.055266617944,-92.8961562215301,16.));
#2626=CARTESIAN_POINT('',(101.055266617944,-92.8961562215301,16.));
#2627=CARTESIAN_POINT('',(101.055266617944,-92.8961562215301,13.));
#2628=CARTESIAN_POINT('Origin',(101.055266617944,-104.8161567877,13.));
#2629=CARTESIAN_POINT('',(101.055266617944,-104.8161567877,16.));
#2630=CARTESIAN_POINT('',(101.055266617944,-104.8161567877,16.));
#2631=CARTESIAN_POINT('',(101.055266617944,-104.8161567877,13.));
#2632=CARTESIAN_POINT('Origin',(113.375267203113,-104.8161567877,13.));
#2633=CARTESIAN_POINT('',(113.375267203113,-104.8161567877,16.));
#2634=CARTESIAN_POINT('Origin',(77.424696326792,-85.1738059437719,13.));
#2635=CARTESIAN_POINT('',(78.689196326792,-85.1738059437719,16.));
#2636=CARTESIAN_POINT('Origin',(77.424696326792,-85.1738059437719,16.));
#2637=CARTESIAN_POINT('',(78.689196326792,-85.1738059437719,13.));
#2638=CARTESIAN_POINT('Origin',(109.265267007898,-131.99615807868,13.));
#2639=CARTESIAN_POINT('',(109.265267007898,-131.99615807868,16.));
#2640=CARTESIAN_POINT('Origin',(72.4247442770219,-80.1738538940019,13.));
#2641=CARTESIAN_POINT('',(72.4247442770223,-159.973853894003,16.));
#2642=CARTESIAN_POINT('Origin',(184.224744277022,-159.973853894002,13.));
#2643=CARTESIAN_POINT('',(184.224744277021,-80.1738538940014,16.));
#2644=CARTESIAN_POINT('Origin',(128.324744277022,-120.073853894002,16.));
#2645=UNCERTAINTY_MEASURE_WITH_UNIT(LENGTH_MEASURE(0.01),#2649,
'DISTANCE_ACCURACY_VALUE',
'Maximum model space distance between geometric entities at asserted c
onnectivities');
#2646=UNCERTAINTY_MEASURE_WITH_UNIT(LENGTH_MEASURE(0.01),#2649,
'DISTANCE_ACCURACY_VALUE',
'Maximum model space distance between geometric entities at asserted c
onnectivities');
#2647=(
GEOMETRIC_REPRESENTATION_CONTEXT(3)
GLOBAL_UNCERTAINTY_ASSIGNED_CONTEXT((#2645))
GLOBAL_UNIT_ASSIGNED_CONTEXT((#2649,#2651,#2652))
REPRESENTATION_CONTEXT('','3D')
);
#2648=(
GEOMETRIC_REPRESENTATION_CONTEXT(3)
GLOBAL_UNCERTAINTY_ASSIGNED_CONTEXT((#2646))
GLOBAL_UNIT_ASSIGNED_CONTEXT((#2649,#2651,#2652))
REPRESENTATION_CONTEXT('','3D')
);
#2649=(
LENGTH_UNIT()
NAMED_UNIT(*)
SI_UNIT(.MILLI.,.METRE.)
);
#2650=(
LENGTH_UNIT()
NAMED_UNIT(*)
SI_UNIT($,.METRE.)
);
#2651=(
NAMED_UNIT(*)
PLANE_ANGLE_UNIT()
SI_UNIT($,.RADIAN.)
);
#2652=(
NAMED_UNIT(*)
SI_UNIT($,.STERADIAN.)
SOLID_ANGLE_UNIT()
);
#2653=SHAPE_DEFINITION_REPRESENTATION(#2654,#2655);
#2654=PRODUCT_DEFINITION_SHAPE('',$,#2657);
#2655=SHAPE_REPRESENTATION('',(#1593),#2647);
#2656=PRODUCT_DEFINITION_CONTEXT('part definition',#2661,'design');
#2657=PRODUCT_DEFINITION('PCB Case Plate','PCB Case Plate v3',#2658,#2656);
#2658=PRODUCT_DEFINITION_FORMATION('',$,#2663);
#2659=PRODUCT_RELATED_PRODUCT_CATEGORY('PCB Case Plate v3',
'PCB Case Plate v3',(#2663));
#2660=APPLICATION_PROTOCOL_DEFINITION('international standard',
'automotive_design',2009,#2661);
#2661=APPLICATION_CONTEXT(
'Core Data for Automotive Mechanical Design Process');
#2662=PRODUCT_CONTEXT('part definition',#2661,'mechanical');
#2663=PRODUCT('PCB Case Plate','PCB Case Plate v3',$,(#2662));
#2664=PRESENTATION_STYLE_ASSIGNMENT((#2665));
#2665=SURFACE_STYLE_USAGE(.BOTH.,#2666);
#2666=SURFACE_SIDE_STYLE('',(#2667));
#2667=SURFACE_STYLE_FILL_AREA(#2668);
#2668=FILL_AREA_STYLE('Steel - Satin',(#2669));
#2669=FILL_AREA_STYLE_COLOUR('Steel - Satin',#2670);
#2670=COLOUR_RGB('Steel - Satin',0.627450980392157,0.627450980392157,0.627450980392157);
ENDSEC;
END-ISO-10303-21;
